Order ID,Site ID,Site,Status,Supplier,Created,Confirmed,Delivery,Delivered,Del. Note Ref.,Order (£),Confirmation (£),Delivery (£),Delivered (£),Order Sent,Delivery Note Received On,Invoice Gross (£),Invoice No.,Invoice Paid on,Document Type,Customer PO,Signed Amount (£)
BRAKES-9335435845,9999,The Vedanta,Invoice,Brakes,7/11/26 0:00,,7/11/26 0:00,7/11/26 0:00,EC29078285,737.09,,,737.09,7/11/26 0:00,,737.09,9335435845,,Invoice - Head Office,EC29078285,737.09
BRAKES-9335432074,9999,The Vedanta,Invoice,Brakes,7/7/26 0:00,,7/7/26 0:00,7/7/26 0:00,EC28983626,362.75,,,362.75,7/7/26 0:00,,362.75,9335432074,,Invoice - Head Office,EC28983626,362.75
BRAKES-5509236132,9999,The Vedanta,Credit,Brakes,7/3/26 0:00,,7/3/26 0:00,,,,,,,7/3/26 0:00,,14.86,5509236132,,Credits - Head Office,,-14.86
BRAKES-9335429024,9999,The Vedanta,Invoice,Brakes,7/2/26 0:00,,7/2/26 0:00,7/2/26 0:00,EC28939252,729.72,,,729.72,7/2/26 0:00,,729.72,9335429024,,Invoice - Head Office,EC28939252,729.72
BRAKES-5509233216,9999,The Vedanta,Credit,Brakes,7/1/26 0:00,,7/1/26 0:00,,,,,,,7/1/26 0:00,,5.39,5509233216,,Credits - Head Office,,-5.39
BRAKES-7335014339,9999,The Vedanta,Credit,Brakes,7/1/26 0:00,,7/1/26 0:00,,,,,,,7/1/26 0:00,,24.25,7335014339,,Credits - Head Office,,-24.25
BRAKES-9335427052,9999,The Vedanta,Invoice,Brakes,6/30/26 0:00,,6/30/26 0:00,6/30/26 0:00,EC28899092,601.36,,,601.36,6/30/26 0:00,,601.36,9335427052,,Invoice - Head Office,EC28899092,601.36
BRAKES-7335014312,9999,The Vedanta,Credit,Brakes,6/30/26 0:00,,6/30/26 0:00,,,,,,,6/30/26 0:00,,84.29,7335014312,,Credits - Head Office,,-84.29
BRAKES-5509223803,9999,The Vedanta,Credit,Brakes,6/26/26 0:00,,6/26/26 0:00,,,,,,,6/26/26 0:00,,10.11,5509223803,,Credits - Head Office,,-10.11
BRAKES-9335423979,9999,The Vedanta,Invoice,Brakes,6/25/26 0:00,,6/25/26 0:00,6/25/26 0:00,EC28788556,208.73,,,208.73,6/25/26 0:00,,208.73,9335423979,,Invoice - Head Office,EC28788556,208.73
BRAKES-5509218710,9999,The Vedanta,Credit,Brakes,6/24/26 0:00,,6/24/26 0:00,,,,,,,6/24/26 0:00,,10.6,5509218710,,Credits - Head Office,,-10.6
BRAKES-9335421926,9999,The Vedanta,Invoice,Brakes,6/23/26 0:00,,6/23/26 0:00,6/23/26 0:00,EC28737565,355.22,,,355.22,6/23/26 0:00,,355.22,9335421926,,Invoice - Head Office,EC28737565,355.22
BRAKES-9335421925,9999,The Vedanta,Invoice,Brakes,6/23/26 0:00,,6/23/26 0:00,6/23/26 0:00,EC28788394,106.83,,,106.83,6/23/26 0:00,,106.83,9335421925,,Invoice - Head Office,EC28788394,106.83
BRAKES-5509213946,9999,The Vedanta,Credit,Brakes,6/22/26 0:00,,6/22/26 0:00,,,,,,,6/22/26 0:00,,4.62,5509213946,,Credits - Head Office,,-4.62
BRAKES-9335420793,9999,The Vedanta,Invoice,Brakes,6/20/26 0:00,,6/20/26 0:00,6/20/26 0:00,EC28629190,910.94,,,910.94,6/20/26 0:00,,910.94,9335420793,,Invoice - Head Office,EC28629190,910.94
BRAKES-5509204524,9999,The Vedanta,Credit,Brakes,6/17/26 0:00,,6/17/26 0:00,,,,,,,6/17/26 0:00,,29.88,5509204524,,Credits - Head Office,,-29.88
BRAKES-9335416453,9999,The Vedanta,Invoice,Brakes,6/16/26 0:00,,6/16/26 0:00,6/16/26 0:00,EC28585892,414.87,,,414.87,6/16/26 0:00,,414.87,9335416453,,Invoice - Head Office,EC28585892,414.87
BRAKES-5509199417,9999,The Vedanta,Credit,Brakes,6/13/26 0:00,,6/13/26 0:00,,,,,,,6/13/26 0:00,,61.15,5509199417,,Credits - Head Office,,-61.15
BRAKES-9335415301,9999,The Vedanta,Invoice,Brakes,6/13/26 0:00,,6/13/26 0:00,6/13/26 0:00,EC28548694,490.58,,,490.58,6/13/26 0:00,,490.58,9335415301,,Invoice - Head Office,EC28548694,490.58
BRAKES-9335414440,9999,The Vedanta,Invoice,Brakes,6/12/26 0:00,,6/12/26 0:00,6/12/26 0:00,EC28467565,546.61,,,546.61,6/12/26 0:00,,546.61,9335414440,,Invoice - Head Office,EC28467565,546.61
BRAKES-5509192184,9999,The Vedanta,Credit,Brakes,6/10/26 0:00,,6/10/26 0:00,,,,,,,6/10/26 0:00,,22.31,5509192184,,Credits - Head Office,,-22.31
BRAKES-9335411861,9999,The Vedanta,Invoice,Brakes,6/9/26 0:00,,6/9/26 0:00,6/9/26 0:00,EC28425515,857.23,,,857.23,6/9/26 0:00,,857.23,9335411861,,Invoice - Head Office,EC28425515,857.23
BRAKES-5509187612,9999,The Vedanta,Credit,Brakes,6/8/26 0:00,,6/8/26 0:00,,,,,,,6/8/26 0:00,,6.76,5509187612,,Credits - Head Office,,-6.76
BRAKES-9335410688,9999,The Vedanta,Invoice,Brakes,6/6/26 0:00,,6/6/26 0:00,6/6/26 0:00,EC28382272,548.48,,,548.48,6/6/26 0:00,,548.48,9335410688,,Invoice - Head Office,EC28382272,548.48
BRAKES-9335410689,9999,The Vedanta,Invoice,Brakes,6/6/26 0:00,,6/6/26 0:00,6/6/26 0:00,EC28425502,17.26,,,17.26,6/6/26 0:00,,17.26,9335410689,,Invoice - Head Office,EC28425502,17.26
BRAKES-9335408810,9999,The Vedanta,Invoice,Brakes,6/4/26 0:00,,6/4/26 0:00,6/4/26 0:00,EC28332128,1927.98,,,1927.98,6/4/26 0:00,,1927.98,9335408810,,Invoice - Head Office,EC28332128,1927.98
BRAKES-5509179085,9999,The Vedanta,Credit,Brakes,6/3/26 0:00,,6/3/26 0:00,,,,,,,6/3/26 0:00,,60.4,5509179085,,Credits - Head Office,,-60.4
BRAKES-9335406855,9999,The Vedanta,Invoice,Brakes,6/2/26 0:00,,6/2/26 0:00,6/2/26 0:00,EC28284919,597.33,,,597.33,6/2/26 0:00,,597.33,9335406855,,Invoice - Head Office,EC28284919,597.33
BRAKES-9335405724,9999,The Vedanta,Invoice,Brakes,5/30/26 0:00,,5/30/26 0:00,5/30/26 0:00,EC28242718,652.55,,,652.55,5/30/26 0:00,,652.55,9335405724,,Invoice - Head Office,EC28242718,652.55
BRAKES-5509171622,9999,The Vedanta,Credit,Brakes,5/29/26 0:00,,5/29/26 0:00,,,,,,,5/29/26 0:00,,12.45,5509171622,,Credits - Head Office,,-12.45
BRAKES-9335404459,9999,The Vedanta,Invoice,Brakes,5/28/26 0:00,,5/28/26 0:00,5/28/26 0:00,EC28170005,451.97,,,451.97,5/28/26 0:00,,451.97,9335404459,,Invoice - Head Office,EC28170005,451.97
BRAKES-9335402925,9999,The Vedanta,Invoice,Brakes,5/25/26 0:00,,5/25/26 0:00,5/25/26 0:00,OFF DAY PRE-APPRO,192.77,,,192.77,5/25/26 0:00,,192.77,9335402925,,Invoice - Head Office,OFF DAY PRE-APPRO,192.77
BRAKES-5509163610,9999,The Vedanta,Credit,Brakes,5/24/26 0:00,,5/24/26 0:00,,,,,,,5/24/26 0:00,,43.91,5509163610,,Credits - Head Office,,-43.91
BRAKES-9335402182,9999,The Vedanta,Invoice,Brakes,5/23/26 0:00,,5/23/26 0:00,5/23/26 0:00,EC28158962,47.34,,,47.34,5/23/26 0:00,,47.34,9335402182,,Invoice - Head Office,EC28158962,47.34
BRAKES-9335402183,9999,The Vedanta,Invoice,Brakes,5/23/26 0:00,,5/23/26 0:00,5/23/26 0:00,EC28076920,1070.01,,,1070.01,5/23/26 0:00,,1070.01,9335402183,,Invoice - Head Office,EC28076920,1070.01
BRAKES-9335400365,9999,The Vedanta,Invoice,Brakes,5/21/26 0:00,,5/21/26 0:00,5/21/26 0:00,EC27923838,743.27,,,743.27,5/21/26 0:00,,743.27,9335400365,,Invoice - Head Office,EC27923838,743.27
BRAKES-9335400364,9999,The Vedanta,Invoice,Brakes,5/21/26 0:00,,5/21/26 0:00,5/21/26 0:00,EC28076796,15.72,,,15.72,5/21/26 0:00,,15.72,9335400364,,Invoice - Head Office,EC28076796,15.72
BRAKES-5509152438,9999,The Vedanta,Credit,Brakes,5/17/26 0:00,,5/17/26 0:00,,,,,,,5/17/26 0:00,,29.28,5509152438,,Credits - Head Office,,-29.28
BRAKES-9335397148,9999,The Vedanta,Invoice,Brakes,5/16/26 0:00,,5/16/26 0:00,5/16/26 0:00,EC27805698,957.86,,,957.86,5/16/26 0:00,,957.86,9335397148,,Invoice - Head Office,EC27805698,957.86
BRAKES-9335393294,9999,The Vedanta,Invoice,Brakes,5/12/26 0:00,,5/12/26 0:00,5/12/26 0:00,EC27735992,553.55,,,553.55,5/12/26 0:00,,553.55,9335393294,,Invoice - Head Office,EC27735992,553.55
BRAKES-5509140318,9999,The Vedanta,Credit,Brakes,5/10/26 0:00,,5/10/26 0:00,,,,,,,5/10/26 0:00,,28.02,5509140318,,Credits - Head Office,,-28.02
BRAKES-9335392153,9999,The Vedanta,Invoice,Brakes,5/9/26 0:00,,5/9/26 0:00,5/9/26 0:00,EC27728076,181.21,,,181.21,5/9/26 0:00,,181.21,9335392153,,Invoice - Head Office,EC27728076,181.21
BRAKES-9335392154,9999,The Vedanta,Invoice,Brakes,5/9/26 0:00,,5/9/26 0:00,5/9/26 0:00,EC27634266,1928.34,,,1928.34,5/9/26 0:00,,1928.34,9335392154,,Invoice - Head Office,EC27634266,1928.34
BRAKES-7335013140,9999,The Vedanta,Credit,Brakes,5/4/26 0:00,,5/4/26 0:00,,,,,,,5/4/26 0:00,,46.78,7335013140,,Credits - Head Office,,-46.78
BRAKES-9335387400,9999,The Vedanta,Invoice,Brakes,5/2/26 0:00,,5/2/26 0:00,5/2/26 0:00,EC27514404,265.35,,,265.35,5/2/26 0:00,,265.35,9335387400,,Invoice - Head Office,EC27514404,265.35
BRAKES-7335013040,9999,The Vedanta,Credit,Brakes,4/27/26 0:00,,4/27/26 0:00,,,,,,,4/27/26 0:00,,31.5,7335013040,,Credits - Head Office,,-31.5
BRAKES-5509117422,9999,The Vedanta,Credit,Brakes,4/26/26 0:00,,4/26/26 0:00,,,,,,,4/26/26 0:00,,228.9,5509117422,,Credits - Head Office,,-228.9
BRAKES-5509117423,9999,The Vedanta,Credit,Brakes,4/26/26 0:00,,4/26/26 0:00,,,,,,,4/26/26 0:00,,27.48,5509117423,,Credits - Head Office,,-27.48
BRAKES-5509116547,9999,The Vedanta,Credit,Brakes,4/25/26 0:00,,4/25/26 0:00,,,,,,,4/25/26 0:00,,33.54,5509116547,,Credits - Head Office,,-33.54
BRAKES-9335382324,9999,The Vedanta,Invoice,Brakes,4/25/26 0:00,,4/25/26 0:00,4/25/26 0:00,EC27476813,852.63,,,852.63,4/25/26 0:00,,852.63,9335382324,,Invoice - Head Office,EC27476813,852.63
BRAKES-9335382325,9999,The Vedanta,Invoice,Brakes,4/25/26 0:00,,4/25/26 0:00,4/25/26 0:00,RECEC27381722,78.28,,,78.28,4/25/26 0:00,,78.28,9335382325,,Invoice - Head Office,RECEC27381722,78.28
BRAKES-9335380371,9999,The Vedanta,Invoice,Brakes,4/23/26 0:00,,4/23/26 0:00,4/23/26 0:00,EC27381722,1222.56,,,1222.56,4/23/26 0:00,,1222.56,9335380371,,Invoice - Head Office,EC27381722,1222.56
BRAKES-9335380370,9999,The Vedanta,Invoice,Brakes,4/23/26 0:00,,4/23/26 0:00,4/23/26 0:00,EC27476355,10.8,,,10.8,4/23/26 0:00,,10.8,9335380370,,Invoice - Head Office,EC27476355,10.8
BRAKES-9335380369,9999,The Vedanta,Invoice,Brakes,4/23/26 0:00,,4/23/26 0:00,4/23/26 0:00,EC27476364,57.56,,,57.56,4/23/26 0:00,,57.56,9335380369,,Invoice - Head Office,EC27476364,57.56
BRAKES-9335377211,9999,The Vedanta,Invoice,Brakes,4/18/26 0:00,,4/18/26 0:00,4/18/26 0:00,EC27344201,342.67,,,342.67,4/18/26 0:00,,342.67,9335377211,,Invoice - Head Office,EC27344201,342.67
BRAKES-9335377212,9999,The Vedanta,Invoice,Brakes,4/18/26 0:00,,4/18/26 0:00,4/18/26 0:00,,110.57,,,110.57,4/18/26 0:00,,110.57,9335377212,,Invoice - Head Office,,110.57
BRAKES-7335012875,9999,The Vedanta,Credit,Brakes,4/18/26 0:00,,4/18/26 0:00,,,,,,,4/18/26 0:00,,9.23,7335012875,,Credits - Head Office,,-9.23
BRAKES-5509104055,9999,The Vedanta,Credit,Brakes,4/17/26 0:00,,4/17/26 0:00,,,,,,,4/17/26 0:00,,11.22,5509104055,,Credits - Head Office,,-11.22
BRAKES-9335375400,9999,The Vedanta,Invoice,Brakes,4/16/26 0:00,,4/16/26 0:00,4/16/26 0:00,EC27305975,928.41,,,928.41,4/16/26 0:00,,928.41,9335375400,,Invoice - Head Office,EC27305975,928.41
BRAKES-5509098776,9999,The Vedanta,Credit,Brakes,4/15/26 0:00,,4/15/26 0:00,,,,,,,4/15/26 0:00,,22.89,5509098776,,Credits - Head Office,,-22.89
BRAKES-9335373564,9999,The Vedanta,Invoice,Brakes,4/14/26 0:00,,4/14/26 0:00,4/14/26 0:00,EC27274090,278.91,,,278.91,4/14/26 0:00,,278.91,9335373564,,Invoice - Head Office,EC27274090,278.91
BRAKES-9335372450,9999,The Vedanta,Invoice,Brakes,4/11/26 0:00,,4/11/26 0:00,4/11/26 0:00,EC27242021,307.25,,,307.25,4/11/26 0:00,,307.25,9335372450,,Invoice - Head Office,EC27242021,307.25
BRAKES-5509092002,9999,The Vedanta,Credit,Brakes,4/10/26 0:00,,4/10/26 0:00,,,,,,,4/10/26 0:00,,45.09,5509092002,,Credits - Head Office,,-45.09
BRAKES-9335371182,9999,The Vedanta,Invoice,Brakes,4/9/26 0:00,,4/9/26 0:00,4/9/26 0:00,EC27090478,975.87,,,975.87,4/9/26 0:00,,975.87,9335371182,,Invoice - Head Office,EC27090478,975.87
BRAKES-9335366819,9999,The Vedanta,Invoice,Brakes,3/31/26 0:00,,3/31/26 0:00,3/31/26 0:00,EC27033842,621.38,,,621.38,3/31/26 0:00,,621.38,9335366819,,Invoice - Head Office,EC27033842,621.38
BRAKES-9335364151,9999,The Vedanta,Invoice,Brakes,3/26/26 0:00,,3/26/26 0:00,3/26/26 0:00,EC26954921,742.07,,,742.07,3/26/26 0:00,,742.07,9335364151,,Invoice - Head Office,EC26954921,742.07
BRAKES-5509066283,9999,The Vedanta,Credit,Brakes,3/22/26 0:00,,3/22/26 0:00,,,,,,,3/22/26 0:00,,27.72,5509066283,,Credits - Head Office,,-27.72
BRAKES-9335360951,9999,The Vedanta,Invoice,Brakes,3/21/26 0:00,,3/21/26 0:00,3/21/26 0:00,EC26921281,257.87,,,257.87,3/21/26 0:00,,257.87,9335360951,,Invoice - Head Office,EC26921281,257.87
BRAKES-5509062621,9999,The Vedanta,Credit,Brakes,3/20/26 0:00,,3/20/26 0:00,,,,,,,3/20/26 0:00,,2.99,5509062621,,Credits - Head Office,,-2.99
BRAKES-7335012363,9999,The Vedanta,Credit,Brakes,3/20/26 0:00,,3/20/26 0:00,,,,,,,3/20/26 0:00,,91.56,7335012363,,Credits - Head Office,,-91.56
BRAKES-9335359153,9999,The Vedanta,Invoice,Brakes,3/19/26 0:00,,3/19/26 0:00,3/19/26 0:00,EC26880659,482.28,,,482.28,3/19/26 0:00,,482.28,9335359153,,Invoice - Head Office,EC26880659,482.28
BRAKES-9335359154,9999,The Vedanta,Invoice,Brakes,3/19/26 0:00,,3/19/26 0:00,3/19/26 0:00,,106.8,,,106.8,3/19/26 0:00,,106.8,9335359154,,Invoice - Head Office,,106.8
BRAKES-9335357211,9999,The Vedanta,Invoice,Brakes,3/17/26 0:00,,3/17/26 0:00,3/17/26 0:00,EC26812200,508.34,,,508.34,3/17/26 0:00,,508.34,9335357211,,Invoice - Head Office,EC26812200,508.34
BRAKES-9335354216,9999,The Vedanta,Invoice,Brakes,3/12/26 0:00,,3/12/26 0:00,3/12/26 0:00,EC26733841,437.85,,,437.85,3/12/26 0:00,,437.85,9335354216,,Invoice - Head Office,EC26733841,437.85
BRAKES-9335351064,9999,The Vedanta,Invoice,Brakes,3/7/26 0:00,,3/7/26 0:00,3/7/26 0:00,EC26589563,371.81,,,371.81,3/7/26 0:00,,371.81,9335351064,,Invoice - Head Office,EC26589563,371.81
BRAKES-9335344352,9999,The Vedanta,Invoice,Brakes,2/26/26 0:00,,2/26/26 0:00,2/26/26 0:00,EC26539326,474.69,,,474.69,2/26/26 0:00,,474.69,9335344352,,Invoice - Head Office,EC26539326,474.69
BRAKES-9335342508,9999,The Vedanta,Invoice,Brakes,2/24/26 0:00,,2/24/26 0:00,2/24/26 0:00,EC26539134,21.66,,,21.66,2/24/26 0:00,,21.66,9335342508,,Invoice - Head Office,EC26539134,21.66
BRAKES-9335342509,9999,The Vedanta,Invoice,Brakes,2/24/26 0:00,,2/24/26 0:00,2/24/26 0:00,EC26507700,638.14,,,638.14,2/24/26 0:00,,638.14,9335342509,,Invoice - Head Office,EC26507700,638.14
BRAKES-9335341463,9999,The Vedanta,Invoice,Brakes,2/21/26 0:00,,2/21/26 0:00,2/21/26 0:00,EC26479301,307.46,,,307.46,2/21/26 0:00,,307.46,9335341463,,Invoice - Head Office,EC26479301,307.46
BRAKES-9335340182,9999,The Vedanta,Invoice,Brakes,2/19/26 0:00,,2/19/26 0:00,2/19/26 0:00,EC26416761,414.76,,,414.76,2/19/26 0:00,,414.76,9335340182,,Invoice - Head Office,EC26416761,414.76
BRAKES-5509020113,9999,The Vedanta,Credit,Brakes,2/16/26 0:00,,2/16/26 0:00,,,,,,,2/16/26 0:00,,6.54,5509020113,,Credits - Head Office,,-6.54
BRAKES-9335337887,9999,The Vedanta,Invoice,Brakes,2/14/26 0:00,,2/14/26 0:00,2/14/26 0:00,DELIVER BEFORE11A,268.23,,,268.23,2/14/26 0:00,,268.23,9335337887,,Invoice - Head Office,DELIVER BEFORE11A,268.23
BRAKES-9335336483,9999,The Vedanta,Invoice,Brakes,2/12/26 0:00,,2/12/26 0:00,2/12/26 0:00,EC26263213,277.39,,,277.39,2/12/26 0:00,,277.39,9335336483,,Invoice - Head Office,EC26263213,277.39
BRAKES-9335331131,9999,The Vedanta,Invoice,Brakes,2/5/26 0:00,,2/5/26 0:00,2/5/26 0:00,EC26139291,337.0,,,337.0,2/5/26 0:00,,337.0,9335331131,,Invoice - Head Office,EC26139291,337.0
BRAKES-9335328086,9999,The Vedanta,Invoice,Brakes,1/31/26 0:00,,1/31/26 0:00,1/31/26 0:00,EC26103674,278.17,,,278.17,1/31/26 0:00,,278.17,9335328086,,Invoice - Head Office,EC26103674,278.17
BRAKES-5508997857,9999,The Vedanta,Credit,Brakes,1/30/26 0:00,,1/30/26 0:00,,,,,,,1/30/26 0:00,,52.25,5508997857,,Credits - Head Office,,-52.25
BRAKES-9335326403,9999,The Vedanta,Invoice,Brakes,1/29/26 0:00,,1/29/26 0:00,1/29/26 0:00,EC25944031,1401.3,,,1401.3,1/29/26 0:00,,1401.3,9335326403,,Invoice - Head Office,EC25944031,1401.3
BRAKES-5508982854,9999,The Vedanta,Credit,Brakes,1/18/26 0:00,,1/18/26 0:00,,,,,,,1/18/26 0:00,,5.63,5508982854,,Credits - Head Office,,-5.63
BRAKES-9335318875,9999,The Vedanta,Invoice,Brakes,1/17/26 0:00,,1/17/26 0:00,1/17/26 0:00,EC25906526,739.37,,,739.37,1/17/26 0:00,,739.37,9335318875,,Invoice - Head Office,EC25906526,739.37
BRAKES-9335317134,9999,The Vedanta,Invoice,Brakes,1/15/26 0:00,,1/15/26 0:00,1/15/26 0:00,EC25868399,655.77,,,655.77,1/15/26 0:00,,655.77,9335317134,,Invoice - Head Office,EC25868399,655.77
BRAKES-7335010935,9999,The Vedanta,Credit,Brakes,1/15/26 0:00,,1/15/26 0:00,,,,,,,1/15/26 0:00,,89.44,7335010935,,Credits - Head Office,,-89.44
BRAKES-5508977619,9999,The Vedanta,Credit,Brakes,1/14/26 0:00,,1/14/26 0:00,,,,,,,1/14/26 0:00,,22.52,5508977619,,Credits - Head Office,,-22.52
BRAKES-9335315267,9999,The Vedanta,Invoice,Brakes,1/13/26 0:00,,1/13/26 0:00,1/13/26 0:00,EC25811541,674.77,,,674.77,1/13/26 0:00,,674.77,9335315267,,Invoice - Head Office,EC25811541,674.77
BRAKES-5508972018,9999,The Vedanta,Credit,Brakes,1/10/26 0:00,,1/10/26 0:00,,,,,,,1/10/26 0:00,,9.96,5508972018,,Credits - Head Office,,-9.96
BRAKES-9335312652,9999,The Vedanta,Invoice,Brakes,1/8/26 0:00,,1/8/26 0:00,1/8/26 0:00,EC25629965,446.28,,,446.28,1/8/26 0:00,,446.28,9335312652,,Invoice - Head Office,EC25629965,446.28
BRAKES-5508952537,9999,The Vedanta,Credit,Brakes,12/21/25 0:00,,12/21/25 0:00,,,,,,,12/21/25 0:00,,94.84,5508952537,,Credits - Head Office,,-94.84
BRAKES-9335306090,9999,The Vedanta,Invoice,Brakes,12/20/25 0:00,,12/20/25 0:00,12/20/25 0:00,EC25620286,94.43,,,94.43,12/20/25 0:00,,94.43,9335306090,,Invoice - Head Office,EC25620286,94.43
BRAKES-9335306091,9999,The Vedanta,Invoice,Brakes,12/20/25 0:00,,12/20/25 0:00,12/20/25 0:00,EC25611822,198.99,,,198.99,12/20/25 0:00,,198.99,9335306091,,Invoice - Head Office,EC25611822,198.99
BRAKES-9335306089,9999,The Vedanta,Invoice,Brakes,12/20/25 0:00,,12/20/25 0:00,12/20/25 0:00,EC25620311,1059.91,,,1059.91,12/20/25 0:00,,1059.91,9335306089,,Invoice - Head Office,EC25620311,1059.91
BRAKES-9335305368,9999,The Vedanta,Invoice,Brakes,12/19/25 0:00,,12/19/25 0:00,12/19/25 0:00,EC25602526,872.78,,,872.78,12/19/25 0:00,,872.78,9335305368,,Invoice - Head Office,EC25602526,872.78
BRAKES-5508950176,9999,The Vedanta,Credit,Brakes,12/19/25 0:00,,12/19/25 0:00,,,,,,,12/19/25 0:00,,134.43,5508950176,,Credits - Head Office,,-134.43
BRAKES-9335304394,9999,The Vedanta,Invoice,Brakes,12/18/25 0:00,,12/18/25 0:00,12/18/25 0:00,EC25563862,1088.5,,,1088.5,12/18/25 0:00,,1088.5,9335304394,,Invoice - Head Office,EC25563862,1088.5
BRAKES-9335302176,9999,The Vedanta,Invoice,Brakes,12/16/25 0:00,,12/16/25 0:00,12/16/25 0:00,EC25531725,624.5,,,624.5,12/16/25 0:00,,624.5,9335302176,,Invoice - Head Office,EC25531725,624.5
BRAKES-9335300984,9999,The Vedanta,Invoice,Brakes,12/13/25 0:00,,12/13/25 0:00,12/13/25 0:00,EC25463531,224.39,,,224.39,12/13/25 0:00,,224.39,9335300984,,Invoice - Head Office,EC25463531,224.39
BRAKES-9335297561,9999,The Vedanta,Invoice,Brakes,12/9/25 0:00,,12/9/25 0:00,12/9/25 0:00,EC25431180,195.0,,,195.0,12/9/25 0:00,,195.0,9335297561,,Invoice - Head Office,EC25431180,195.0
BRAKES-9335296337,9999,The Vedanta,Invoice,Brakes,12/6/25 0:00,,12/6/25 0:00,12/6/25 0:00,EC25392604,455.98,,,455.98,12/6/25 0:00,,455.98,9335296337,,Invoice - Head Office,EC25392604,455.98
BRAKES-5508927543,9999,The Vedanta,Credit,Brakes,12/5/25 0:00,,12/5/25 0:00,,,,,,,12/5/25 0:00,,17.7,5508927543,,Credits - Head Office,,-17.7
BRAKES-9335294464,9999,The Vedanta,Invoice,Brakes,12/4/25 0:00,,12/4/25 0:00,12/4/25 0:00,EC25319509,538.02,,,538.02,12/4/25 0:00,,538.02,9335294464,,Invoice - Head Office,EC25319509,538.02
BRAKES-5508917934,9999,The Vedanta,Credit,Brakes,11/30/25 0:00,,11/30/25 0:00,,,,,,,11/30/25 0:00,,14.39,5508917934,,Credits - Head Office,,-14.39
BRAKES-9335291360,9999,The Vedanta,Invoice,Brakes,11/29/25 0:00,,11/29/25 0:00,11/29/25 0:00,EC25287161,558.09,,,558.09,11/29/25 0:00,,558.09,9335291360,,Invoice - Head Office,EC25287161,558.09
BRAKES-9335289479,9999,The Vedanta,Invoice,Brakes,11/27/25 0:00,,11/27/25 0:00,11/27/25 0:00,EC25205948,296.74,,,296.74,11/27/25 0:00,,296.74,9335289479,,Invoice - Head Office,EC25205948,296.74
BRAKES-7335009807,9999,The Vedanta,Credit,Brakes,11/27/25 0:00,,11/27/25 0:00,,,,,,,11/27/25 0:00,,21.66,7335009807,,Credits - Head Office,,-21.66
BRAKES-9335287503,9999,The Vedanta,Invoice,Brakes,11/25/25 0:00,,11/25/25 0:00,11/25/25 0:00,EC25175299,754.9,,,754.9,11/25/25 0:00,,754.9,9335287503,,Invoice - Head Office,EC25175299,754.9
BRAKES-5508907652,9999,The Vedanta,Credit,Brakes,11/23/25 0:00,,11/23/25 0:00,,,,,,,11/23/25 0:00,,11.45,5508907652,,Credits - Head Office,,-11.45
BRAKES-9335286369,9999,The Vedanta,Invoice,Brakes,11/22/25 0:00,,11/22/25 0:00,11/22/25 0:00,EC25138597,822.92,,,822.92,11/22/25 0:00,,822.92,9335286369,,Invoice - Head Office,EC25138597,822.92
BRAKES-9335286368,9999,The Vedanta,Invoice,Brakes,11/22/25 0:00,,11/22/25 0:00,11/22/25 0:00,EC25175209,48.61,,,48.61,11/22/25 0:00,,48.61,9335286368,,Invoice - Head Office,EC25175209,48.61
BRAKES-5508906038,9999,The Vedanta,Credit,Brakes,11/21/25 0:00,,11/21/25 0:00,,,,,,,11/21/25 0:00,,339.0,5508906038,,Credits - Head Office,,-339.0
BRAKES-9335284508,9999,The Vedanta,Invoice,Brakes,11/20/25 0:00,,11/20/25 0:00,11/20/25 0:00,RUPERT,1699.83,,,1699.83,11/20/25 0:00,,1699.83,9335284508,,Invoice - Head Office,RUPERT,1699.83
BRAKES-5508902147,9999,The Vedanta,Credit,Brakes,11/19/25 0:00,,11/19/25 0:00,,,,,,,11/19/25 0:00,,7.77,5508902147,,Credits - Head Office,,-7.77
BRAKES-9335282652,9999,The Vedanta,Invoice,Brakes,11/18/25 0:00,,11/18/25 0:00,11/18/25 0:00,EC25052241,1985.05,,,1985.05,11/18/25 0:00,,1985.05,9335282652,,Invoice - Head Office,EC25052241,1985.05
BRAKES-9335281464,9999,The Vedanta,Invoice,Brakes,11/15/25 0:00,,11/15/25 0:00,11/15/25 0:00,EC25014190,896.4,,,896.4,11/15/25 0:00,,896.4,9335281464,,Invoice - Head Office,EC25014190,896.4
BRAKES-5508895584,9999,The Vedanta,Credit,Brakes,11/14/25 0:00,,11/14/25 0:00,,,,,,,11/14/25 0:00,,15.88,5508895584,,Credits - Head Office,,-15.88
BRAKES-9335279628,9999,The Vedanta,Invoice,Brakes,11/13/25 0:00,,11/13/25 0:00,11/13/25 0:00,EC24908658,619.43,,,619.43,11/13/25 0:00,,619.43,9335279628,,Invoice - Head Office,EC24908658,619.43
BRAKES-9335274597,9999,The Vedanta,Invoice,Brakes,11/6/25 0:00,,11/6/25 0:00,11/6/25 0:00,EC24863150,405.6,,,405.6,11/6/25 0:00,,405.6,9335274597,,Invoice - Head Office,EC24863150,405.6
BRAKES-9335272620,9999,The Vedanta,Invoice,Brakes,11/4/25 0:00,,11/4/25 0:00,11/4/25 0:00,EC24733180,772.64,,,772.64,11/4/25 0:00,,772.64,9335272620,,Invoice - Head Office,EC24733180,772.64
BRAKES-9335268078,9999,The Vedanta,Invoice,Brakes,10/25/25 0:00,,10/25/25 0:00,10/25/25 0:00,EC24701331,414.81,,,414.81,10/25/25 0:00,,414.81,9335268078,,Invoice - Head Office,EC24701331,414.81
BRAKES-5508865595,9999,The Vedanta,Credit,Brakes,10/24/25 0:00,,10/24/25 0:00,,,,,,,10/24/25 0:00,,24.58,5508865595,,Credits - Head Office,,-24.58
BRAKES-9335266755,9999,The Vedanta,Invoice,Brakes,10/23/25 0:00,,10/23/25 0:00,10/23/25 0:00,EC24658993,471.63,,,471.63,10/23/25 0:00,,471.63,9335266755,,Invoice - Head Office,EC24658993,471.63
BRAKES-5508863001,9999,The Vedanta,Credit,Brakes,10/23/25 0:00,,10/23/25 0:00,,,,,,,10/23/25 0:00,,31.54,5508863001,,Credits - Head Office,,-31.54
BRAKES-9335264817,9999,The Vedanta,Invoice,Brakes,10/21/25 0:00,,10/21/25 0:00,10/21/25 0:00,EC24637049,560.91,,,560.91,10/21/25 0:00,,560.91,9335264817,,Invoice - Head Office,EC24637049,560.91
BRAKES-9335264818,9999,The Vedanta,Invoice,Brakes,10/21/25 0:00,,10/21/25 0:00,10/21/25 0:00,EC24584990,222.65,,,222.65,10/21/25 0:00,,222.65,9335264818,,Invoice - Head Office,EC24584990,222.65
BRAKES-9335262653,9999,The Vedanta,Invoice,Brakes,10/16/25 0:00,,10/16/25 0:00,10/16/25 0:00,EC24547722,278.26,,,278.26,10/16/25 0:00,,278.26,9335262653,,Invoice - Head Office,EC24547722,278.26
BRAKES-9335260708,9999,The Vedanta,Invoice,Brakes,10/14/25 0:00,,10/14/25 0:00,10/14/25 0:00,EC24548315,21.87,,,21.87,10/14/25 0:00,,21.87,9335260708,,Invoice - Head Office,EC24548315,21.87
BRAKES-9335260709,9999,The Vedanta,Invoice,Brakes,10/14/25 0:00,,10/14/25 0:00,10/14/25 0:00,EC24516527,544.05,,,544.05,10/14/25 0:00,,544.05,9335260709,,Invoice - Head Office,EC24516527,544.05
BRAKES-9335259648,9999,The Vedanta,Invoice,Brakes,10/11/25 0:00,,10/11/25 0:00,10/11/25 0:00,EC24428707,581.67,,,581.67,10/11/25 0:00,,581.67,9335259648,,Invoice - Head Office,EC24428707,581.67
BRAKES-9335255967,9999,The Vedanta,Invoice,Brakes,10/7/25 0:00,,10/7/25 0:00,10/7/25 0:00,EC24428442,73.0,,,73.0,10/7/25 0:00,,73.0,9335255967,,Invoice - Head Office,EC24428442,73.0
BRAKES-9335255968,9999,The Vedanta,Invoice,Brakes,10/7/25 0:00,,10/7/25 0:00,10/7/25 0:00,EC24399818,597.56,,,597.56,10/7/25 0:00,,597.56,9335255968,,Invoice - Head Office,EC24399818,597.56
BRAKES-5508838723,9999,The Vedanta,Credit,Brakes,10/6/25 0:00,,10/6/25 0:00,,,,,,,10/6/25 0:00,,22.9,5508838723,,Credits - Head Office,,-22.9
BRAKES-9335254966,9999,The Vedanta,Invoice,Brakes,10/4/25 0:00,,10/4/25 0:00,10/4/25 0:00,EC24292858,506.42,,,506.42,10/4/25 0:00,,506.42,9335254966,,Invoice - Head Office,EC24292858,506.42
BRAKES-5508827677,9999,The Vedanta,Credit,Brakes,9/28/25 0:00,,9/28/25 0:00,,,,,,,9/28/25 0:00,,54.36,5508827677,,Credits - Head Office,,-54.36
BRAKES-9335250263,9999,The Vedanta,Invoice,Brakes,9/27/25 0:00,,9/27/25 0:00,9/27/25 0:00,EC24292543,25.13,,,25.13,9/27/25 0:00,,25.13,9335250263,,Invoice - Head Office,EC24292543,25.13
BRAKES-9335250264,9999,The Vedanta,Invoice,Brakes,9/27/25 0:00,,9/27/25 0:00,9/27/25 0:00,EC24264047,302.47,,,302.47,9/27/25 0:00,,302.47,9335250264,,Invoice - Head Office,EC24264047,302.47
BRAKES-9335248395,9999,The Vedanta,Invoice,Brakes,9/25/25 0:00,,9/25/25 0:00,9/25/25 0:00,EC24208902,254.45,,,254.45,9/25/25 0:00,,254.45,9335248395,,Invoice - Head Office,EC24208902,254.45
BRAKES-9335246517,9999,The Vedanta,Invoice,Brakes,9/23/25 0:00,,9/23/25 0:00,9/23/25 0:00,EC24101679,223.3,,,223.3,9/23/25 0:00,,223.3,9335246517,,Invoice - Head Office,EC24101679,223.3
BRAKES-5508816380,9999,The Vedanta,Credit,Brakes,9/20/25 0:00,,9/20/25 0:00,,,,,,,9/20/25 0:00,,16.48,5508816380,,Credits - Head Office,,-16.48
BRAKES-9335243510,9999,The Vedanta,Invoice,Brakes,9/18/25 0:00,,9/18/25 0:00,9/18/25 0:00,9999-200825A,257.2,,,257.2,9/18/25 0:00,,257.2,9335243510,,Invoice - Head Office,9999-200825A,257.2
BRAKES-9335243509,9999,The Vedanta,Invoice,Brakes,9/18/25 0:00,,9/18/25 0:00,9/18/25 0:00,9999-170925A,17.18,,,17.18,9/18/25 0:00,,17.18,9335243509,,Invoice - Head Office,9999-170925A,17.18
BRAKES-9335241565,9999,The Vedanta,Invoice,Brakes,9/16/25 0:00,,9/16/25 0:00,9/16/25 0:00,EC24054689,292.99,,,292.99,9/16/25 0:00,,292.99,9335241565,,Invoice - Head Office,EC24054689,292.99
BRAKES-9335240548,9999,The Vedanta,Invoice,Brakes,9/13/25 0:00,,9/13/25 0:00,9/13/25 0:00,9999-120925A,47.76,,,47.76,9/13/25 0:00,,47.76,9335240548,,Invoice - Head Office,9999-120925A,47.76
BRAKES-9335240549,9999,The Vedanta,Invoice,Brakes,9/13/25 0:00,,9/13/25 0:00,9/13/25 0:00,EC23966406,870.52,,,870.52,9/13/25 0:00,,870.52,9335240549,,Invoice - Head Office,EC23966406,870.52
BRAKES-9335235734,9999,The Vedanta,Invoice,Brakes,9/6/25 0:00,,9/6/25 0:00,9/6/25 0:00,EC23935001,210.3,,,210.3,9/6/25 0:00,,210.3,9335235734,,Invoice - Head Office,EC23935001,210.3
BRAKES-9335233943,9999,The Vedanta,Invoice,Brakes,9/4/25 0:00,,9/4/25 0:00,9/4/25 0:00,EC23890567,237.13,,,237.13,9/4/25 0:00,,237.13,9335233943,,Invoice - Head Office,EC23890567,237.13
BRAKES-9335232189,9999,The Vedanta,Invoice,Brakes,9/2/25 0:00,,9/2/25 0:00,9/2/25 0:00,VIVA MUKTI,545.92,,,545.92,9/2/25 0:00,,545.92,9335232189,,Invoice - Head Office,VIVA MUKTI,545.92
BRAKES-9335231157,9999,The Vedanta,Invoice,Brakes,8/30/25 0:00,,8/30/25 0:00,8/30/25 0:00,EC23825781,249.28,,,249.28,8/30/25 0:00,,249.28,9335231157,,Invoice - Head Office,EC23825781,249.28
BRAKES-9335230003,9999,The Vedanta,Invoice,Brakes,8/28/25 0:00,,8/28/25 0:00,8/28/25 0:00,EC23770203,497.7,,,497.7,8/28/25 0:00,,497.7,9335230003,,Invoice - Head Office,EC23770203,497.7
BRAKES-9335228022,9999,The Vedanta,Invoice,Brakes,8/23/25 0:00,,8/23/25 0:00,8/23/25 0:00,EC23732386,266.16,,,266.16,8/23/25 0:00,,266.16,9335228022,,Invoice - Head Office,EC23732386,266.16
BRAKES-9335228023,9999,The Vedanta,Invoice,Brakes,8/23/25 0:00,,8/23/25 0:00,8/23/25 0:00,,47.88,,,47.88,8/23/25 0:00,,47.88,9335228023,,Invoice - Head Office,,47.88
BRAKES-9335226806,9999,The Vedanta,Invoice,Brakes,8/21/25 0:00,,8/21/25 0:00,8/21/25 0:00,EC23684831,1035.42,,,1035.42,8/21/25 0:00,,1035.42,9335226806,,Invoice - Head Office,EC23684831,1035.42
BRAKES-5508774016,9999,The Vedanta,Credit,Brakes,8/20/25 0:00,,8/20/25 0:00,,,,,,,8/20/25 0:00,,23.03,5508774016,,Credits - Head Office,,-23.03
BRAKES-9335225642,9999,The Vedanta,Invoice,Brakes,8/19/25 0:00,,8/19/25 0:00,8/19/25 0:00,EC23655395,439.44,,,439.44,8/19/25 0:00,,439.44,9335225642,,Invoice - Head Office,EC23655395,439.44
BRAKES-9335225643,9999,The Vedanta,Invoice,Brakes,8/19/25 0:00,,8/19/25 0:00,8/19/25 0:00,9999-130825A,312.87,,,312.87,8/19/25 0:00,,312.87,9335225643,,Invoice - Head Office,9999-130825A,312.87
BRAKES-5508770476,9999,The Vedanta,Credit,Brakes,8/17/25 0:00,,8/17/25 0:00,,,,,,,8/17/25 0:00,,21.31,5508770476,,Credits - Head Office,,-21.31
BRAKES-9335224722,9999,The Vedanta,Invoice,Brakes,8/16/25 0:00,,8/16/25 0:00,8/16/25 0:00,EC23631198,1029.54,,,1029.54,8/16/25 0:00,,1029.54,9335224722,,Invoice - Head Office,EC23631198,1029.54
BRAKES-9335223653,9999,The Vedanta,Invoice,Brakes,8/14/25 0:00,,8/14/25 0:00,8/14/25 0:00,EC23594231,746.14,,,746.14,8/14/25 0:00,,746.14,9335223653,,Invoice - Head Office,EC23594231,746.14
BRAKES-9335222453,9999,The Vedanta,Invoice,Brakes,8/12/25 0:00,,8/12/25 0:00,8/12/25 0:00,EC23537198,939.53,,,939.53,8/12/25 0:00,,939.53,9335222453,,Invoice - Head Office,EC23537198,939.53
BRAKES-7335007479,9999,The Vedanta,Credit,Brakes,8/9/25 0:00,,8/9/25 0:00,,,,,,,8/9/25 0:00,,22.86,7335007479,,Credits - Head Office,,-22.86
BRAKES-9335220456,9999,The Vedanta,Invoice,Brakes,8/7/25 0:00,,8/7/25 0:00,8/7/25 0:00,EC23474953,424.1,,,424.1,8/7/25 0:00,,424.1,9335220456,,Invoice - Head Office,EC23474953,424.1
BRAKES-5508756945,9999,The Vedanta,Credit,Brakes,8/5/25 0:00,,8/5/25 0:00,,,,,,,8/5/25 0:00,,70.38,5508756945,,Credits - Head Office,,-70.38
BRAKES-5508754608,9999,The Vedanta,Credit,Brakes,8/3/25 0:00,,8/3/25 0:00,,,,,,,8/3/25 0:00,,40.59,5508754608,,Credits - Head Office,,-40.59
BRAKES-9335218441,9999,The Vedanta,Invoice,Brakes,8/2/25 0:00,,8/2/25 0:00,8/2/25 0:00,EC23448743,691.72,,,691.72,8/2/25 0:00,,691.72,9335218441,,Invoice - Head Office,EC23448743,691.72
BRAKES-9335217284,9999,The Vedanta,Invoice,Brakes,7/31/25 0:00,,7/31/25 0:00,7/31/25 0:00,EC23448463,113.33,,,113.33,7/31/25 0:00,,113.33,9335217284,,Invoice - Head Office,EC23448463,113.33
BRAKES-9335217285,9999,The Vedanta,Invoice,Brakes,7/31/25 0:00,,7/31/25 0:00,7/31/25 0:00,EC23418414,922.1,,,922.1,7/31/25 0:00,,922.1,9335217285,,Invoice - Head Office,EC23418414,922.1
BRAKES-9335216274,9999,The Vedanta,Invoice,Brakes,7/29/25 0:00,,7/29/25 0:00,7/29/25 0:00,EC23386607,959.32,,,959.32,7/29/25 0:00,,959.32,9335216274,,Invoice - Head Office,EC23386607,959.32
BRAKES-5508746824,9999,The Vedanta,Credit,Brakes,7/27/25 0:00,,7/27/25 0:00,,,,,,,7/27/25 0:00,,14.68,5508746824,,Credits - Head Office,,-14.68
BRAKES-5508746823,9999,The Vedanta,Credit,Brakes,7/27/25 0:00,,7/27/25 0:00,,,,,,,7/27/25 0:00,,2.58,5508746823,,Credits - Head Office,,-2.58
BRAKES-9335215354,9999,The Vedanta,Invoice,Brakes,7/26/25 0:00,,7/26/25 0:00,7/26/25 0:00,EC23386562,361.5,,,361.5,7/26/25 0:00,,361.5,9335215354,,Invoice - Head Office,EC23386562,361.5
BRAKES-9335215355,9999,The Vedanta,Invoice,Brakes,7/26/25 0:00,,7/26/25 0:00,7/26/25 0:00,EC23353666,1062.54,,,1062.54,7/26/25 0:00,,1062.54,9335215355,,Invoice - Head Office,EC23353666,1062.54
BRAKES-9335214052,9999,The Vedanta,Invoice,Brakes,7/24/25 0:00,,7/24/25 0:00,7/24/25 0:00,EC23324905,745.34,,,745.34,7/24/25 0:00,,745.34,9335214052,,Invoice - Head Office,EC23324905,745.34
BRAKES-9335212490,9999,The Vedanta,Invoice,Brakes,7/22/25 0:00,,7/22/25 0:00,7/22/25 0:00,EC23296425,599.04,,,599.04,7/22/25 0:00,,599.04,9335212490,,Invoice - Head Office,EC23296425,599.04
BRAKES-5508739054,9999,The Vedanta,Credit,Brakes,7/20/25 0:00,,7/20/25 0:00,,,,,,,7/20/25 0:00,,13.74,5508739054,,Credits - Head Office,,-13.74
BRAKES-9335211554,9999,The Vedanta,Invoice,Brakes,7/19/25 0:00,,7/19/25 0:00,7/19/25 0:00,EC23234245,1154.58,,,1154.58,7/19/25 0:00,,1154.58,9335211554,,Invoice - Head Office,EC23234245,1154.58
BRAKES-5508733191,9999,The Vedanta,Credit,Brakes,7/16/25 0:00,,7/16/25 0:00,,,,,,,7/16/25 0:00,,17.92,5508733191,,Credits - Head Office,,-17.92
BRAKES-9335208577,9999,The Vedanta,Invoice,Brakes,7/15/25 0:00,,7/15/25 0:00,7/15/25 0:00,EC23197994,363.42,,,363.42,7/15/25 0:00,,363.42,9335208577,,Invoice - Head Office,EC23197994,363.42
BRAKES-9335207549,9999,The Vedanta,Invoice,Brakes,7/12/25 0:00,,7/12/25 0:00,7/12/25 0:00,EC23171717,627.9,,,627.9,7/12/25 0:00,,627.9,9335207549,,Invoice - Head Office,EC23171717,627.9
BRAKES-5508727976,9999,The Vedanta,Credit,Brakes,7/11/25 0:00,,7/11/25 0:00,,,,,,,7/11/25 0:00,,16.58,5508727976,,Credits - Head Office,,-16.58
BRAKES-5508727975,9999,The Vedanta,Credit,Brakes,7/11/25 0:00,,7/11/25 0:00,,,,,,,7/11/25 0:00,,15.89,5508727975,,Credits - Head Office,,-15.89
BRAKES-5508727977,9999,The Vedanta,Credit,Brakes,7/11/25 0:00,,7/11/25 0:00,,,,,,,7/11/25 0:00,,65.42,5508727977,,Credits - Head Office,,-65.42
BRAKES-9335206123,9999,The Vedanta,Invoice,Brakes,7/10/25 0:00,,7/10/25 0:00,7/10/25 0:00,EC23171708,15.89,,,15.89,7/10/25 0:00,,15.89,9335206123,,Invoice - Head Office,EC23171708,15.89
BRAKES-9335206125,9999,The Vedanta,Invoice,Brakes,7/10/25 0:00,,7/10/25 0:00,7/10/25 0:00,EC23171676,16.58,,,16.58,7/10/25 0:00,,16.58,9335206125,,Invoice - Head Office,EC23171676,16.58
BRAKES-9335206124,9999,The Vedanta,Invoice,Brakes,7/10/25 0:00,,7/10/25 0:00,7/10/25 0:00,EC23137218,282.45,,,282.45,7/10/25 0:00,,282.45,9335206124,,Invoice - Head Office,EC23137218,282.45
BRAKES-9335204453,9999,The Vedanta,Invoice,Brakes,7/8/25 0:00,,7/8/25 0:00,7/8/25 0:00,EC23101844,869.06,,,869.06,7/8/25 0:00,,869.06,9335204453,,Invoice - Head Office,EC23101844,869.06
BRAKES-5508721280,9999,The Vedanta,Credit,Brakes,7/7/25 0:00,,7/7/25 0:00,,,,,,,7/7/25 0:00,,38.15,5508721280,,Credits - Head Office,,-38.15
BRAKES-9335203437,9999,The Vedanta,Invoice,Brakes,7/5/25 0:00,,7/5/25 0:00,7/5/25 0:00,EC23070589,753.72,,,753.72,7/5/25 0:00,,753.72,9335203437,,Invoice - Head Office,EC23070589,753.72
BRAKES-9335201880,9999,The Vedanta,Invoice,Brakes,7/3/25 0:00,,7/3/25 0:00,7/3/25 0:00,EC23037586,284.29,,,284.29,7/3/25 0:00,,284.29,9335201880,,Invoice - Head Office,EC23037586,284.29
BRAKES-9335200173,9999,The Vedanta,Invoice,Brakes,7/1/25 0:00,,7/1/25 0:00,7/1/25 0:00,EC23003862,453.52,,,453.52,7/1/25 0:00,,453.52,9335200173,,Invoice - Head Office,EC23003862,453.52
BRAKES-9335199197,9999,The Vedanta,Invoice,Brakes,6/28/25 0:00,,6/28/25 0:00,6/28/25 0:00,EC22976762,311.83,,,311.83,6/28/25 0:00,,311.83,9335199197,,Invoice - Head Office,EC22976762,311.83
BRAKES-5508710436,9999,The Vedanta,Credit,Brakes,6/27/25 0:00,,6/27/25 0:00,,,,,,,6/27/25 0:00,,49.22,5508710436,,Credits - Head Office,,-49.22
BRAKES-9335197643,9999,The Vedanta,Invoice,Brakes,6/26/25 0:00,,6/26/25 0:00,6/26/25 0:00,EC22940143,528.29,,,528.29,6/26/25 0:00,,528.29,9335197643,,Invoice - Head Office,EC22940143,528.29
BRAKES-9335195948,9999,The Vedanta,Invoice,Brakes,6/24/25 0:00,,6/24/25 0:00,6/24/25 0:00,EC22902682,177.45,,,177.45,6/24/25 0:00,,177.45,9335195948,,Invoice - Head Office,EC22902682,177.45
BRAKES-9335194904,9999,The Vedanta,Invoice,Brakes,6/21/25 0:00,,6/21/25 0:00,6/21/25 0:00,EC22866747,447.73,,,447.73,6/21/25 0:00,,447.73,9335194904,,Invoice - Head Office,EC22866747,447.73
BRAKES-5508700796,9999,The Vedanta,Credit,Brakes,6/20/25 0:00,,6/20/25 0:00,,,,,,,6/20/25 0:00,,21.81,5508700796,,Credits - Head Office,,-21.81
BRAKES-5508700797,9999,The Vedanta,Credit,Brakes,6/20/25 0:00,,6/20/25 0:00,,,,,,,6/20/25 0:00,,22.24,5508700797,,Credits - Head Office,,-22.24
BRAKES-9335193335,9999,The Vedanta,Invoice,Brakes,6/19/25 0:00,,6/19/25 0:00,6/19/25 0:00,EC22805447,957.57,,,957.57,6/19/25 0:00,,957.57,9335193335,,Invoice - Head Office,EC22805447,957.57
BRAKES-9335191421,9999,The Vedanta,Invoice,Brakes,6/16/25 0:00,,6/16/25 0:00,6/16/25 0:00,,176.58,,,176.58,6/16/25 0:00,,176.58,9335191421,,Invoice - Head Office,,176.58
BRAKES-5508693319,9999,The Vedanta,Credit,Brakes,6/15/25 0:00,,6/15/25 0:00,,,,,,,6/15/25 0:00,,248.91,5508693319,,Credits - Head Office,,-248.91
BRAKES-9335190540,9999,The Vedanta,Invoice,Brakes,6/14/25 0:00,,6/14/25 0:00,6/14/25 0:00,EC22767772,1115.44,,,1115.44,6/14/25 0:00,,1115.44,9335190540,,Invoice - Head Office,EC22767772,1115.44
BRAKES-9335188975,9999,The Vedanta,Invoice,Brakes,6/12/25 0:00,,6/12/25 0:00,6/12/25 0:00,EC22721608,907.05,,,907.05,6/12/25 0:00,,907.05,9335188975,,Invoice - Head Office,EC22721608,907.05
BRAKES-9335187269,9999,The Vedanta,Invoice,Brakes,6/10/25 0:00,,6/10/25 0:00,6/10/25 0:00,EC22721089,107.72,,,107.72,6/10/25 0:00,,107.72,9335187269,,Invoice - Head Office,EC22721089,107.72
BRAKES-9335187270,9999,The Vedanta,Invoice,Brakes,6/10/25 0:00,,6/10/25 0:00,6/10/25 0:00,FRONT OF HOUSES,659.44,,,659.44,6/10/25 0:00,,659.44,9335187270,,Invoice - Head Office,FRONT OF HOUSES,659.44
BRAKES-9335187271,9999,The Vedanta,Invoice,Brakes,6/10/25 0:00,,6/10/25 0:00,6/10/25 0:00,RUPERT,1117.89,,,1117.89,6/10/25 0:00,,1117.89,9335187271,,Invoice - Head Office,RUPERT,1117.89
BRAKES-9335186246,9999,The Vedanta,Invoice,Brakes,6/7/25 0:00,,6/7/25 0:00,6/7/25 0:00,EC22689919,9.06,,,9.06,6/7/25 0:00,,9.06,9335186246,,Invoice - Head Office,EC22689919,9.06
BRAKES-9335186247,9999,The Vedanta,Invoice,Brakes,6/7/25 0:00,,6/7/25 0:00,6/7/25 0:00,EC22657820,619.71,,,619.71,6/7/25 0:00,,619.71,9335186247,,Invoice - Head Office,EC22657820,619.71
BRAKES-5508682855,9999,The Vedanta,Credit,Brakes,6/6/25 0:00,,6/6/25 0:00,,,,,,,6/6/25 0:00,,29.97,5508682855,,Credits - Head Office,,-29.97
BRAKES-9335184671,9999,The Vedanta,Invoice,Brakes,6/5/25 0:00,,6/5/25 0:00,6/5/25 0:00,EC22613942,1082.19,,,1082.19,6/5/25 0:00,,1082.19,9335184671,,Invoice - Head Office,EC22613942,1082.19
BRAKES-5508679575,9999,The Vedanta,Credit,Brakes,6/4/25 0:00,,6/4/25 0:00,,,,,,,6/4/25 0:00,,11.37,5508679575,,Credits - Head Office,,-11.37
BRAKES-9335182973,9999,The Vedanta,Invoice,Brakes,6/3/25 0:00,,6/3/25 0:00,6/3/25 0:00,EC22584725,1293.43,,,1293.43,6/3/25 0:00,,1293.43,9335182973,,Invoice - Head Office,EC22584725,1293.43
BRAKES-9335181937,9999,The Vedanta,Invoice,Brakes,5/31/25 0:00,,5/31/25 0:00,5/31/25 0:00,EC22555660,911.85,,,911.85,5/31/25 0:00,,911.85,9335181937,,Invoice - Head Office,EC22555660,911.85
BRAKES-9335181936,9999,The Vedanta,Invoice,Brakes,5/31/25 0:00,,5/31/25 0:00,5/31/25 0:00,EC22584361,31.46,,,31.46,5/31/25 0:00,,31.46,9335181936,,Invoice - Head Office,EC22584361,31.46
BRAKES-9335180812,9999,The Vedanta,Invoice,Brakes,5/29/25 0:00,,5/29/25 0:00,5/29/25 0:00,EC22526119,469.23,,,469.23,5/29/25 0:00,,469.23,9335180812,,Invoice - Head Office,EC22526119,469.23
BRAKES-5508669850,9999,The Vedanta,Credit,Brakes,5/28/25 0:00,,5/28/25 0:00,,,,,,,5/28/25 0:00,,57.84,5508669850,,Credits - Head Office,,-57.84
BRAKES-9335179700,9999,The Vedanta,Invoice,Brakes,5/27/25 0:00,,5/27/25 0:00,5/27/25 0:00,EC22506151,750.54,,,750.54,5/27/25 0:00,,750.54,9335179700,,Invoice - Head Office,EC22506151,750.54
BRAKES-9335179701,9999,The Vedanta,Invoice,Brakes,5/27/25 0:00,,5/27/25 0:00,5/27/25 0:00,,35.8,,,35.8,5/27/25 0:00,,35.8,9335179701,,Invoice - Head Office,,35.8
BRAKES-7335006165,9999,The Vedanta,Credit,Brakes,5/27/25 0:00,,5/27/25 0:00,,,,,,,5/27/25 0:00,,35.8,7335006165,,Credits - Head Office,,-35.8
BRAKES-5508666016,9999,The Vedanta,Credit,Brakes,5/25/25 0:00,,5/25/25 0:00,,,,,,,5/25/25 0:00,,16.05,5508666016,,Credits - Head Office,,-16.05
BRAKES-9335178796,9999,The Vedanta,Invoice,Brakes,5/24/25 0:00,,5/24/25 0:00,5/24/25 0:00,EC22471862,756.08,,,756.08,5/24/25 0:00,,756.08,9335178796,,Invoice - Head Office,EC22471862,756.08
BRAKES-5508664841,9999,The Vedanta,Credit,Brakes,5/23/25 0:00,,5/23/25 0:00,,,,,,,5/23/25 0:00,,74.87,5508664841,,Credits - Head Office,,-74.87
BRAKES-9335177241,9999,The Vedanta,Invoice,Brakes,5/22/25 0:00,,5/22/25 0:00,5/22/25 0:00,EC22431623,609.82,,,609.82,5/22/25 0:00,,609.82,9335177241,,Invoice - Head Office,EC22431623,609.82
BRAKES-9335175350,9999,The Vedanta,Invoice,Brakes,5/20/25 0:00,,5/20/25 0:00,5/20/25 0:00,EC22401212,409.9,,,409.9,5/20/25 0:00,,409.9,9335175350,,Invoice - Head Office,EC22401212,409.9
BRAKES-9335174272,9999,The Vedanta,Invoice,Brakes,5/17/25 0:00,,5/17/25 0:00,5/17/25 0:00,EC22370441,628.3,,,628.3,5/17/25 0:00,,628.3,9335174272,,Invoice - Head Office,EC22370441,628.3
BRAKES-9335174271,9999,The Vedanta,Invoice,Brakes,5/17/25 0:00,,5/17/25 0:00,5/17/25 0:00,EC22401062,128.87,,,128.87,5/17/25 0:00,,128.87,9335174271,,Invoice - Head Office,EC22401062,128.87
BRAKES-9335172508,9999,The Vedanta,Invoice,Brakes,5/15/25 0:00,,5/15/25 0:00,5/15/25 0:00,EC22322000,1341.4,,,1341.4,5/15/25 0:00,,1341.4,9335172508,,Invoice - Head Office,EC22322000,1341.4
BRAKES-5508651839,9999,The Vedanta,Credit,Brakes,5/14/25 0:00,,5/14/25 0:00,,,,,,,5/14/25 0:00,,25.04,5508651839,,Credits - Head Office,,-25.04
BRAKES-9335170603,9999,The Vedanta,Invoice,Brakes,5/13/25 0:00,,5/13/25 0:00,5/13/25 0:00,EC22321883,295.62,,,295.62,5/13/25 0:00,,295.62,9335170603,,Invoice - Head Office,EC22321883,295.62
BRAKES-9335170604,9999,The Vedanta,Invoice,Brakes,5/13/25 0:00,,5/13/25 0:00,5/13/25 0:00,EC22296355,941.1,,,941.1,5/13/25 0:00,,941.1,9335170604,,Invoice - Head Office,EC22296355,941.1
BRAKES-5508648717,9999,The Vedanta,Credit,Brakes,5/11/25 0:00,,5/11/25 0:00,,,,,,,5/11/25 0:00,,46.07,5508648717,,Credits - Head Office,,-46.07
BRAKES-9335169617,9999,The Vedanta,Invoice,Brakes,5/10/25 0:00,,5/10/25 0:00,5/10/25 0:00,TONY,675.94,,,675.94,5/10/25 0:00,,675.94,9335169617,,Invoice - Head Office,TONY,675.94
BRAKES-5508646559,9999,The Vedanta,Credit,Brakes,5/9/25 0:00,,5/9/25 0:00,,,,,,,5/9/25 0:00,,32.03,5508646559,,Credits - Head Office,,-32.03
BRAKES-9335167846,9999,The Vedanta,Invoice,Brakes,5/8/25 0:00,,5/8/25 0:00,5/8/25 0:00,EC22204354,265.57,,,265.57,5/8/25 0:00,,265.57,9335167846,,Invoice - Head Office,EC22204354,265.57
BRAKES-9335165249,9999,The Vedanta,Invoice,Brakes,5/3/25 0:00,,5/3/25 0:00,5/3/25 0:00,EC22112592,309.59,,,309.59,5/3/25 0:00,,309.59,9335165249,,Invoice - Head Office,EC22112592,309.59
BRAKES-9335161659,9999,The Vedanta,Invoice,Brakes,4/29/25 0:00,,4/29/25 0:00,4/29/25 0:00,EC22084892,517.73,,,517.73,4/29/25 0:00,,517.73,9335161659,,Invoice - Head Office,EC22084892,517.73
BRAKES-9335160696,9999,The Vedanta,Invoice,Brakes,4/26/25 0:00,,4/26/25 0:00,4/26/25 0:00,EC22046432,269.05,,,269.05,4/26/25 0:00,,269.05,9335160696,,Invoice - Head Office,EC22046432,269.05
BRAKES-9335159052,9999,The Vedanta,Invoice,Brakes,4/24/25 0:00,,4/24/25 0:00,4/24/25 0:00,EC21956111,909.47,,,909.47,4/24/25 0:00,,909.47,9335159052,,Invoice - Head Office,EC21956111,909.47
BRAKES-5508619995,9999,The Vedanta,Credit,Brakes,4/18/25 0:00,,4/18/25 0:00,,,,,,,4/18/25 0:00,,52.77,5508619995,,Credits - Head Office,,-52.77
BRAKES-9335156062,9999,The Vedanta,Invoice,Brakes,4/17/25 0:00,,4/17/25 0:00,4/17/25 0:00,EC21910572,390.38,,,390.38,4/17/25 0:00,,390.38,9335156062,,Invoice - Head Office,EC21910572,390.38
BRAKES-9335153976,9999,The Vedanta,Invoice,Brakes,4/12/25 0:00,,4/12/25 0:00,4/12/25 0:00,EC21877403,499.93,,,499.93,4/12/25 0:00,,499.93,9335153976,,Invoice - Head Office,EC21877403,499.93
BRAKES-9335152827,9999,The Vedanta,Invoice,Brakes,4/10/25 0:00,,4/10/25 0:00,4/10/25 0:00,HOPMAN,1038.1,,,1038.1,4/10/25 0:00,,1038.1,9335152827,,Invoice - Head Office,HOPMAN,1038.1
BRAKES-9335146437,9999,The Vedanta,Invoice,Brakes,3/29/25 0:00,,3/29/25 0:00,3/29/25 0:00,EC21615027,359.97,,,359.97,3/29/25 0:00,,359.97,9335146437,,Invoice - Head Office,EC21615027,359.97
BRAKES-9335141938,9999,The Vedanta,Invoice,Brakes,3/22/25 0:00,,3/22/25 0:00,3/22/25 0:00,EC21582470,223.79,,,223.79,3/22/25 0:00,,223.79,9335141938,,Invoice - Head Office,EC21582470,223.79
BRAKES-9335140283,9999,The Vedanta,Invoice,Brakes,3/20/25 0:00,,3/20/25 0:00,3/20/25 0:00,EC21507582,633.77,,,633.77,3/20/25 0:00,,633.77,9335140283,,Invoice - Head Office,EC21507582,633.77
BRAKES-9335137527,9999,The Vedanta,Invoice,Brakes,3/15/25 0:00,,3/15/25 0:00,3/15/25 0:00,EC21473709,212.08,,,212.08,3/15/25 0:00,,212.08,9335137527,,Invoice - Head Office,EC21473709,212.08
BRAKES-9335135934,9999,The Vedanta,Invoice,Brakes,3/13/25 0:00,,3/13/25 0:00,3/13/25 0:00,KC SOC,37.92,,,37.92,3/13/25 0:00,,37.92,9335135934,,Invoice - Head Office,KC SOC,37.92
BRAKES-9335135935,9999,The Vedanta,Invoice,Brakes,3/13/25 0:00,,3/13/25 0:00,3/13/25 0:00,KC SOC,1313.59,,,1313.59,3/13/25 0:00,,1313.59,9335135935,,Invoice - Head Office,KC SOC,1313.59
BRAKES-9335130114,9999,The Vedanta,Invoice,Brakes,3/4/25 0:00,,3/4/25 0:00,3/4/25 0:00,EC21323162,410.56,,,410.56,3/4/25 0:00,,410.56,9335130114,,Invoice - Head Office,EC21323162,410.56
BRAKES-9335129714,9999,The Vedanta,Invoice,Brakes,3/3/25 0:00,,3/3/25 0:00,3/3/25 0:00,EC21309963,1138.11,,,1138.11,3/3/25 0:00,,1138.11,9335129714,,Invoice - Head Office,EC21309963,1138.11
BRAKES-9335129214,9999,The Vedanta,Invoice,Brakes,3/1/25 0:00,,3/1/25 0:00,3/1/25 0:00,EC21309853,91.17,,,91.17,3/1/25 0:00,,91.17,9335129214,,Invoice - Head Office,EC21309853,91.17
BRAKES-9335129216,9999,The Vedanta,Invoice,Brakes,3/1/25 0:00,,3/1/25 0:00,3/1/25 0:00,EC21302664,183.1,,,183.1,3/1/25 0:00,,183.1,9335129216,,Invoice - Head Office,EC21302664,183.1
BRAKES-9335129217,9999,The Vedanta,Invoice,Brakes,3/1/25 0:00,,3/1/25 0:00,3/1/25 0:00,EC21211513,679.95,,,679.95,3/1/25 0:00,,679.95,9335129217,,Invoice - Head Office,EC21211513,679.95
BRAKES-9335129215,9999,The Vedanta,Invoice,Brakes,3/1/25 0:00,,3/1/25 0:00,3/1/25 0:00,EC21302783,138.65,,,138.65,3/1/25 0:00,,138.65,9335129215,,Invoice - Head Office,EC21302783,138.65
BRAKES-9335125571,9999,The Vedanta,Invoice,Brakes,2/22/25 0:00,,2/22/25 0:00,2/22/25 0:00,EC21181310,286.38,,,286.38,2/22/25 0:00,,286.38,9335125571,,Invoice - Head Office,EC21181310,286.38
BRAKES-9335124368,9999,The Vedanta,Invoice,Brakes,2/20/25 0:00,,2/20/25 0:00,2/20/25 0:00,EC21154906,380.58,,,380.58,2/20/25 0:00,,380.58,9335124368,,Invoice - Head Office,EC21154906,380.58
BRAKES-9335123176,9999,The Vedanta,Invoice,Brakes,2/18/25 0:00,,2/18/25 0:00,2/18/25 0:00,EC21154904,61.7,,,61.7,2/18/25 0:00,,61.7,9335123176,,Invoice - Head Office,EC21154904,61.7
BRAKES-9335123177,9999,The Vedanta,Invoice,Brakes,2/18/25 0:00,,2/18/25 0:00,2/18/25 0:00,EC21100857,299.75,,,299.75,2/18/25 0:00,,299.75,9335123177,,Invoice - Head Office,EC21100857,299.75
BRAKES-9335121044,9999,The Vedanta,Invoice,Brakes,2/13/25 0:00,,2/13/25 0:00,2/13/25 0:00,EC21071741,249.73,,,249.73,2/13/25 0:00,,249.73,9335121044,,Invoice - Head Office,EC21071741,249.73
BRAKES-9335119526,9999,The Vedanta,Invoice,Brakes,2/11/25 0:00,,2/11/25 0:00,2/11/25 0:00,EC21045930,528.41,,,528.41,2/11/25 0:00,,528.41,9335119526,,Invoice - Head Office,EC21045930,528.41
BRAKES-5508535406,9999,The Vedanta,Credit,Brakes,2/9/25 0:00,,2/9/25 0:00,,,,,,,2/9/25 0:00,,43.98,5508535406,,Credits - Head Office,,-43.98
BRAKES-9335118694,9999,The Vedanta,Invoice,Brakes,2/8/25 0:00,,2/8/25 0:00,2/8/25 0:00,EC21018904,304.71,,,304.71,2/8/25 0:00,,304.71,9335118694,,Invoice - Head Office,EC21018904,304.71
BRAKES-9335118693,9999,The Vedanta,Invoice,Brakes,2/8/25 0:00,,2/8/25 0:00,2/8/25 0:00,EC21045861,43.98,,,43.98,2/8/25 0:00,,43.98,9335118693,,Invoice - Head Office,EC21045861,43.98
BRAKES-5508533182,9999,The Vedanta,Credit,Brakes,2/7/25 0:00,,2/7/25 0:00,,,,,,,2/7/25 0:00,,40.21,5508533182,,Credits - Head Office,,-40.21
BRAKES-9335117247,9999,The Vedanta,Invoice,Brakes,2/6/25 0:00,,2/6/25 0:00,2/6/25 0:00,EC20896173,613.01,,,613.01,2/6/25 0:00,,613.01,9335117247,,Invoice - Head Office,EC20896173,613.01
BRAKES-9335112950,9999,The Vedanta,Invoice,Brakes,1/29/25 0:00,,1/29/25 0:00,1/29/25 0:00,,226.25,,,226.25,1/29/25 0:00,,226.25,9335112950,,Invoice - Head Office,,226.25
BRAKES-9335112168,9999,The Vedanta,Invoice,Brakes,1/28/25 0:00,,1/28/25 0:00,1/28/25 0:00,EC20896017,51.52,,,51.52,1/28/25 0:00,,51.52,9335112168,,Invoice - Head Office,EC20896017,51.52
BRAKES-9335112169,9999,The Vedanta,Invoice,Brakes,1/28/25 0:00,,1/28/25 0:00,1/28/25 0:00,EC20865873,360.05,,,360.05,1/28/25 0:00,,360.05,9335112169,,Invoice - Head Office,EC20865873,360.05
BRAKES-7335004071,9999,The Vedanta,Credit,Brakes,1/28/25 0:00,,1/28/25 0:00,,,,,,,1/28/25 0:00,,49.99,7335004071,,Credits - Head Office,,-49.99
BRAKES-9335111384,9999,The Vedanta,Invoice,Brakes,1/25/25 0:00,,1/25/25 0:00,1/25/25 0:00,EC20838989,311.65,,,311.65,1/25/25 0:00,,311.65,9335111384,,Invoice - Head Office,EC20838989,311.65
BRAKES-9335110009,9999,The Vedanta,Invoice,Brakes,1/23/25 0:00,,1/23/25 0:00,1/23/25 0:00,EC20805260,270.36,,,270.36,1/23/25 0:00,,270.36,9335110009,,Invoice - Head Office,EC20805260,270.36
BRAKES-9335108626,9999,The Vedanta,Invoice,Brakes,1/21/25 0:00,,1/21/25 0:00,1/21/25 0:00,EC20776324,441.84,,,441.84,1/21/25 0:00,,441.84,9335108626,,Invoice - Head Office,EC20776324,441.84
BRAKES-9335107837,9999,The Vedanta,Invoice,Brakes,1/18/25 0:00,,1/18/25 0:00,1/18/25 0:00,EC20776225,150.0,,,150.0,1/18/25 0:00,,150.0,9335107837,,Invoice - Head Office,EC20776225,150.0
BRAKES-9335107838,9999,The Vedanta,Invoice,Brakes,1/18/25 0:00,,1/18/25 0:00,1/18/25 0:00,EC20742519,510.7,,,510.7,1/18/25 0:00,,510.7,9335107838,,Invoice - Head Office,EC20742519,510.7
BRAKES-9335106532,9999,The Vedanta,Invoice,Brakes,1/16/25 0:00,,1/16/25 0:00,1/16/25 0:00,EC20707349,333.74,,,333.74,1/16/25 0:00,,333.74,9335106532,,Invoice - Head Office,EC20707349,333.74
BRAKES-9335104999,9999,The Vedanta,Invoice,Brakes,1/14/25 0:00,,1/14/25 0:00,1/14/25 0:00,EC20683582,663.19,,,663.19,1/14/25 0:00,,663.19,9335104999,,Invoice - Head Office,EC20683582,663.19
BRAKES-9335104143,9999,The Vedanta,Invoice,Brakes,1/11/25 0:00,,1/11/25 0:00,1/11/25 0:00,EC20649494,362.46,,,362.46,1/11/25 0:00,,362.46,9335104143,,Invoice - Head Office,EC20649494,362.46
BRAKES-9335104144,9999,The Vedanta,Invoice,Brakes,1/11/25 0:00,,1/11/25 0:00,1/11/25 0:00,,58.27,,,58.27,1/11/25 0:00,,58.27,9335104144,,Invoice - Head Office,,58.27
BRAKES-7335003855,9999,The Vedanta,Credit,Brakes,1/11/25 0:00,,1/11/25 0:00,,,,,,,1/11/25 0:00,,48.73,7335003855,,Credits - Head Office,,-48.73
BRAKES-5508504066,9999,The Vedanta,Credit,Brakes,1/10/25 0:00,,1/10/25 0:00,,,,,,,1/10/25 0:00,,9.54,5508504066,,Credits - Head Office,,-9.54
BRAKES-5508504065,9999,The Vedanta,Credit,Brakes,1/10/25 0:00,,1/10/25 0:00,,,,,,,1/10/25 0:00,,21.16,5508504065,,Credits - Head Office,,-21.16
BRAKES-9335102845,9999,The Vedanta,Invoice,Brakes,1/9/25 0:00,,1/9/25 0:00,1/9/25 0:00,HOPMAN,548.55,,,548.55,1/9/25 0:00,,548.55,9335102845,,Invoice - Head Office,HOPMAN,548.55
BRAKES-9335099392,9999,The Vedanta,Invoice,Brakes,12/31/24 0:00,,12/31/24 0:00,12/31/24 0:00,EC20538296,122.77,,,122.77,12/31/24 0:00,,122.77,9335099392,,Invoice - Head Office,EC20538296,122.77
BRAKES-9335098870,9999,The Vedanta,Invoice,Brakes,12/28/24 0:00,,12/28/24 0:00,12/28/24 0:00,EC20421584,345.92,,,345.92,12/28/24 0:00,,345.92,9335098870,,Invoice - Head Office,EC20421584,345.92
BRAKES-9335094867,9999,The Vedanta,Invoice,Brakes,12/17/24 0:00,,12/17/24 0:00,12/17/24 0:00,EC20394012,173.62,,,173.62,12/17/24 0:00,,173.62,9335094867,,Invoice - Head Office,EC20394012,173.62
BRAKES-9335094135,9999,The Vedanta,Invoice,Brakes,12/14/24 0:00,,12/14/24 0:00,12/14/24 0:00,EC20359598,943.59,,,943.59,12/14/24 0:00,,943.59,9335094135,,Invoice - Head Office,EC20359598,943.59
BRAKES-9335094134,9999,The Vedanta,Invoice,Brakes,12/14/24 0:00,,12/14/24 0:00,12/14/24 0:00,EC20386928,40.59,,,40.59,12/14/24 0:00,,40.59,9335094134,,Invoice - Head Office,EC20386928,40.59
BRAKES-9335094136,9999,The Vedanta,Invoice,Brakes,12/14/24 0:00,,12/14/24 0:00,12/14/24 0:00,EC20386827,74.1,,,74.1,12/14/24 0:00,,74.1,9335094136,,Invoice - Head Office,EC20386827,74.1
BRAKES-5508477962,9999,The Vedanta,Credit,Brakes,12/13/24 0:00,,12/13/24 0:00,,,,,,,12/13/24 0:00,,113.6,5508477962,,Credits - Head Office,,-113.6
BRAKES-9335092658,9999,The Vedanta,Invoice,Brakes,12/12/24 0:00,,12/12/24 0:00,12/12/24 0:00,EC20352755,302.57,,,302.57,12/12/24 0:00,,302.57,9335092658,,Invoice - Head Office,EC20352755,302.57
BRAKES-9335092659,9999,The Vedanta,Invoice,Brakes,12/12/24 0:00,,12/12/24 0:00,12/12/24 0:00,EC20314795,541.27,,,541.27,12/12/24 0:00,,541.27,9335092659,,Invoice - Head Office,EC20314795,541.27
BRAKES-9335090706,9999,The Vedanta,Invoice,Brakes,12/10/24 0:00,,12/10/24 0:00,12/10/24 0:00,EC20296136,965.91,,,965.91,12/10/24 0:00,,965.91,9335090706,,Invoice - Head Office,EC20296136,965.91
BRAKES-9335090168,9999,The Vedanta,Invoice,Brakes,12/7/24 0:00,,12/7/24 0:00,12/7/24 0:00,MENTY,778.77,,,778.77,12/7/24 0:00,,778.77,9335090168,,Invoice - Head Office,MENTY,778.77
BRAKES-9335090169,9999,The Vedanta,Invoice,Brakes,12/7/24 0:00,,12/7/24 0:00,12/7/24 0:00,EC20296112,27.57,,,27.57,12/7/24 0:00,,27.57,9335090169,,Invoice - Head Office,EC20296112,27.57
BRAKES-9335090170,9999,The Vedanta,Invoice,Brakes,12/7/24 0:00,,12/7/24 0:00,12/7/24 0:00,HOPMAN,748.24,,,748.24,12/7/24 0:00,,748.24,9335090170,,Invoice - Head Office,HOPMAN,748.24
BRAKES-9335087126,9999,The Vedanta,Invoice,Brakes,12/3/24 0:00,,12/3/24 0:00,12/3/24 0:00,EC20192856,318.65,,,318.65,12/3/24 0:00,,318.65,9335087126,,Invoice - Head Office,EC20192856,318.65
BRAKES-5508459891,9999,The Vedanta,Credit,Brakes,12/1/24 0:00,,12/1/24 0:00,,,,,,,12/1/24 0:00,,36.0,5508459891,,Credits - Head Office,,-36.0
BRAKES-9335085799,9999,The Vedanta,Invoice,Brakes,11/30/24 0:00,,11/30/24 0:00,11/30/24 0:00,EC20192718,11.51,,,11.51,11/30/24 0:00,,11.51,9335085799,,Invoice - Head Office,EC20192718,11.51
BRAKES-9335085800,9999,The Vedanta,Invoice,Brakes,11/30/24 0:00,,11/30/24 0:00,11/30/24 0:00,SCHOOL,982.82,,,982.82,11/30/24 0:00,,982.82,9335085800,,Invoice - Head Office,SCHOOL,982.82
BRAKES-9335084443,9999,The Vedanta,Invoice,Brakes,11/28/24 0:00,,11/28/24 0:00,11/28/24 0:00,HOPMAN,191.13,,,191.13,11/28/24 0:00,,191.13,9335084443,,Invoice - Head Office,HOPMAN,191.13
BRAKES-9335084442,9999,The Vedanta,Invoice,Brakes,11/28/24 0:00,,11/28/24 0:00,11/28/24 0:00,EC20153480,44.64,,,44.64,11/28/24 0:00,,44.64,9335084442,,Invoice - Head Office,EC20153480,44.64
BRAKES-5508457329,9999,The Vedanta,Credit,Brakes,11/28/24 0:00,,11/28/24 0:00,,,,,,,11/28/24 0:00,,12.59,5508457329,,Credits - Head Office,,-12.59
BRAKES-5508454186,9999,The Vedanta,Credit,Brakes,11/27/24 0:00,,11/27/24 0:00,,,,,,,11/27/24 0:00,,24.04,5508454186,,Credits - Head Office,,-24.04
BRAKES-9335083251,9999,The Vedanta,Invoice,Brakes,11/26/24 0:00,,11/26/24 0:00,11/26/24 0:00,HOPMAN,387.85,,,387.85,11/26/24 0:00,,387.85,9335083251,,Invoice - Head Office,HOPMAN,387.85
BRAKES-9335082234,9999,The Vedanta,Invoice,Brakes,11/23/24 0:00,,11/23/24 0:00,11/23/24 0:00,HOPMAN,1020.42,,,1020.42,11/23/24 0:00,,1020.42,9335082234,,Invoice - Head Office,HOPMAN,1020.42
BRAKES-9335082235,9999,The Vedanta,Invoice,Brakes,11/23/24 0:00,,11/23/24 0:00,11/23/24 0:00,EC20092198,26.06,,,26.06,11/23/24 0:00,,26.06,9335082235,,Invoice - Head Office,EC20092198,26.06
BRAKES-9335081120,9999,The Vedanta,Invoice,Brakes,11/21/24 0:00,,11/21/24 0:00,11/21/24 0:00,EC20030349,638.95,,,638.95,11/21/24 0:00,,638.95,9335081120,,Invoice - Head Office,EC20030349,638.95
BRAKES-9335079588,9999,The Vedanta,Invoice,Brakes,11/19/24 0:00,,11/19/24 0:00,11/19/24 0:00,EC19998370,860.25,,,860.25,11/19/24 0:00,,860.25,9335079588,,Invoice - Head Office,EC19998370,860.25
BRAKES-9335078789,9999,The Vedanta,Invoice,Brakes,11/16/24 0:00,,11/16/24 0:00,11/16/24 0:00,EC19969028,798.22,,,798.22,11/16/24 0:00,,798.22,9335078789,,Invoice - Head Office,EC19969028,798.22
BRAKES-5508440405,9999,The Vedanta,Credit,Brakes,11/15/24 0:00,,11/15/24 0:00,,,,,,,11/15/24 0:00,,10.58,5508440405,,Credits - Head Office,,-10.58
BRAKES-9335076936,9999,The Vedanta,Invoice,Brakes,11/14/24 0:00,,11/14/24 0:00,11/14/24 0:00,EC19871046,1232.77,,,1232.77,11/14/24 0:00,,1232.77,9335076936,,Invoice - Head Office,EC19871046,1232.77
BRAKES-9335074567,9999,The Vedanta,Invoice,Brakes,11/9/24 0:00,,11/9/24 0:00,11/9/24 0:00,EC19836418,403.76,,,403.76,11/9/24 0:00,,403.76,9335074567,,Invoice - Head Office,EC19836418,403.76
BRAKES-9335073520,9999,The Vedanta,Invoice,Brakes,11/7/24 0:00,,11/7/24 0:00,11/7/24 0:00,EC19764335,916.9,,,916.9,11/7/24 0:00,,916.9,9335073520,,Invoice - Head Office,EC19764335,916.9
BRAKES-9335071238,9999,The Vedanta,Invoice,Brakes,11/2/24 0:00,,11/2/24 0:00,11/2/24 0:00,EC19742983,351.71,,,351.71,11/2/24 0:00,,351.71,9335071238,,Invoice - Head Office,EC19742983,351.71
BRAKES-9335070101,9999,The Vedanta,Invoice,Brakes,10/31/24 0:00,,10/31/24 0:00,10/31/24 0:00,EC19685751,668.45,,,668.45,10/31/24 0:00,,668.45,9335070101,,Invoice - Head Office,EC19685751,668.45
BRAKES-9335068319,9999,The Vedanta,Invoice,Brakes,10/26/24 0:00,,10/26/24 0:00,10/26/24 0:00,BREAKFAST,61.73,,,61.73,10/26/24 0:00,,61.73,9335068319,,Invoice - Head Office,BREAKFAST,61.73
BRAKES-9335068320,9999,The Vedanta,Invoice,Brakes,10/26/24 0:00,,10/26/24 0:00,10/26/24 0:00,MAIN MEAL,61.81,,,61.81,10/26/24 0:00,,61.81,9335068320,,Invoice - Head Office,MAIN MEAL,61.81
BRAKES-9335067328,9999,The Vedanta,Invoice,Brakes,10/24/24 0:00,,10/24/24 0:00,10/24/24 0:00,BREAKFAST,282.61,,,282.61,10/24/24 0:00,,282.61,9335067328,,Invoice - Head Office,BREAKFAST,282.61
BRAKES-9335067329,9999,The Vedanta,Invoice,Brakes,10/24/24 0:00,,10/24/24 0:00,10/24/24 0:00,MAIN MEAL,323.11,,,323.11,10/24/24 0:00,,323.11,9335067329,,Invoice - Head Office,MAIN MEAL,323.11
BRAKES-9335066224,9999,The Vedanta,Invoice,Brakes,10/22/24 0:00,,10/22/24 0:00,10/22/24 0:00,NON FOOD,78.61,,,78.61,10/22/24 0:00,,78.61,9335066224,,Invoice - Head Office,NON FOOD,78.61
BRAKES-9335066223,9999,The Vedanta,Invoice,Brakes,10/22/24 0:00,,10/22/24 0:00,10/22/24 0:00,KITCHEN,22.97,,,22.97,10/22/24 0:00,,22.97,9335066223,,Invoice - Head Office,KITCHEN,22.97
BRAKES-9335066225,9999,The Vedanta,Invoice,Brakes,10/22/24 0:00,,10/22/24 0:00,10/22/24 0:00,MAIN MEAL,86.9,,,86.9,10/22/24 0:00,,86.9,9335066225,,Invoice - Head Office,MAIN MEAL,86.9
BRAKES-9335066226,9999,The Vedanta,Invoice,Brakes,10/22/24 0:00,,10/22/24 0:00,10/22/24 0:00,BREAKFAST,262.75,,,262.75,10/22/24 0:00,,262.75,9335066226,,Invoice - Head Office,BREAKFAST,262.75
BRAKES-9335066227,9999,The Vedanta,Invoice,Brakes,10/22/24 0:00,,10/22/24 0:00,10/22/24 0:00,FRONT OF HOUSE,83.13,,,83.13,10/22/24 0:00,,83.13,9335066227,,Invoice - Head Office,FRONT OF HOUSE,83.13
BRAKES-5508405118,9999,The Vedanta,Credit,Brakes,10/18/24 0:00,,10/18/24 0:00,,,,,,,10/18/24 0:00,,31.32,5508405118,,Credits - Head Office,,-31.32
BRAKES-9335064139,9999,The Vedanta,Invoice,Brakes,10/17/24 0:00,,10/17/24 0:00,10/17/24 0:00,2115,106.54,,,106.54,10/17/24 0:00,,106.54,9335064139,,Invoice - Head Office,2115,106.54
BRAKES-9335064138,9999,The Vedanta,Invoice,Brakes,10/17/24 0:00,,10/17/24 0:00,10/17/24 0:00,2110,40.67,,,40.67,10/17/24 0:00,,40.67,9335064138,,Invoice - Head Office,2110,40.67
BRAKES-9335064140,9999,The Vedanta,Invoice,Brakes,10/17/24 0:00,,10/17/24 0:00,10/17/24 0:00,2110,295.01,,,295.01,10/17/24 0:00,,295.01,9335064140,,Invoice - Head Office,2110,295.01
BRAKES-9335062632,9999,The Vedanta,Invoice,Brakes,10/15/24 0:00,,10/15/24 0:00,10/15/24 0:00,2110,162.71,,,162.71,10/15/24 0:00,,162.71,9335062632,,Invoice - Head Office,2110,162.71
BRAKES-9335061377,9999,The Vedanta,Invoice,Brakes,10/12/24 0:00,,10/12/24 0:00,10/12/24 0:00,2115BREAKFAST,215.52,,,215.52,10/12/24 0:00,,215.52,9335061377,,Invoice - Head Office,2115BREAKFAST,215.52
BRAKES-9335061376,9999,The Vedanta,Invoice,Brakes,10/12/24 0:00,,10/12/24 0:00,10/12/24 0:00,2110,1358.22,,,1358.22,10/12/24 0:00,,1358.22,9335061376,,Invoice - Head Office,2110,1358.22
BRAKES-9335061378,9999,The Vedanta,Invoice,Brakes,10/12/24 0:00,,10/12/24 0:00,10/12/24 0:00,NONFOOD,88.46,,,88.46,10/12/24 0:00,,88.46,9335061378,,Invoice - Head Office,NONFOOD,88.46
BRAKES-9335061379,9999,The Vedanta,Invoice,Brakes,10/12/24 0:00,,10/12/24 0:00,10/12/24 0:00,2120,214.51,,,214.51,10/12/24 0:00,,214.51,9335061379,,Invoice - Head Office,2120,214.51
BRAKES-5508396899,9999,The Vedanta,Credit,Brakes,10/12/24 0:00,,10/12/24 0:00,,,,,,,10/12/24 0:00,,75.54,5508396899,,Credits - Head Office,,-75.54
BRAKES-7335002417,9999,The Vedanta,Credit,Brakes,10/10/24 0:00,,10/10/24 0:00,,,,,,,10/10/24 0:00,,31.78,7335002417,,Credits - Head Office,,-31.78
BRAKES-9335058098,9999,The Vedanta,Invoice,Brakes,10/5/24 0:00,,10/5/24 0:00,10/5/24 0:00,2110,134.29,,,134.29,10/5/24 0:00,,134.29,9335058098,,Invoice - Head Office,2110,134.29
BRAKES-9335058099,9999,The Vedanta,Invoice,Brakes,10/5/24 0:00,,10/5/24 0:00,10/5/24 0:00,2115,95.99,,,95.99,10/5/24 0:00,,95.99,9335058099,,Invoice - Head Office,2115,95.99
BRAKES-9335056354,9999,The Vedanta,Invoice,Brakes,10/3/24 0:00,,10/3/24 0:00,10/3/24 0:00,XERO 2110,155.55,,,155.55,10/3/24 0:00,,155.55,9335056354,,Invoice - Head Office,XERO 2110,155.55
BRAKES-9335054765,9999,The Vedanta,Invoice,Brakes,10/1/24 0:00,,10/1/24 0:00,10/1/24 0:00,2115,262.78,,,262.78,10/1/24 0:00,,262.78,9335054765,,Invoice - Head Office,2115,262.78
BRAKES-9335054768,9999,The Vedanta,Invoice,Brakes,10/1/24 0:00,,10/1/24 0:00,10/1/24 0:00,OXERO 2110,421.04,,,421.04,10/1/24 0:00,,421.04,9335054768,,Invoice - Head Office,OXERO 2110,421.04
BRAKES-9335054767,9999,The Vedanta,Invoice,Brakes,10/1/24 0:00,,10/1/24 0:00,10/1/24 0:00,2120,89.25,,,89.25,10/1/24 0:00,,89.25,9335054767,,Invoice - Head Office,2120,89.25
BRAKES-9335054766,9999,The Vedanta,Invoice,Brakes,10/1/24 0:00,,10/1/24 0:00,10/1/24 0:00,NON FOOD,61.15,,,61.15,10/1/24 0:00,,61.15,9335054766,,Invoice - Head Office,NON FOOD,61.15
BRAKES-9335054103,9999,The Vedanta,Invoice,Brakes,9/28/24 0:00,,9/28/24 0:00,9/28/24 0:00,XERO 2110,287.14,,,287.14,9/28/24 0:00,,287.14,9335054103,,Invoice - Head Office,XERO 2110,287.14
BRAKES-9335052574,9999,The Vedanta,Invoice,Brakes,9/26/24 0:00,,9/26/24 0:00,9/26/24 0:00,2110 - MEALS FOOD,142.05,,,142.05,9/26/24 0:00,,142.05,9335052574,,Invoice - Head Office,2110 - MEALS FOOD,142.05
BRAKES-9335052575,9999,The Vedanta,Invoice,Brakes,9/26/24 0:00,,9/26/24 0:00,9/26/24 0:00,XE2115RO,227.4,,,227.4,9/26/24 0:00,,227.4,9335052575,,Invoice - Head Office,XE2115RO,227.4
BRAKES-9335052576,9999,The Vedanta,Invoice,Brakes,9/26/24 0:00,,9/26/24 0:00,9/26/24 0:00,NON FOOD,26.54,,,26.54,9/26/24 0:00,,26.54,9335052576,,Invoice - Head Office,NON FOOD,26.54
BRAKES-9335049185,9999,The Vedanta,Invoice,Brakes,9/19/24 0:00,,9/19/24 0:00,9/19/24 0:00,EC19084342,206.55,,,206.55,9/19/24 0:00,,206.55,9335049185,,Invoice - Head Office,EC19084342,206.55
BRAKES-9335046534,9999,The Vedanta,Invoice,Brakes,9/14/24 0:00,,9/14/24 0:00,9/14/24 0:00,EC18883522,366.11,,,366.11,9/14/24 0:00,,366.11,9335046534,,Invoice - Head Office,EC18883522,366.11
BRAKES-9335039040,9999,The Vedanta,Invoice,Brakes,8/29/24 0:00,,8/29/24 0:00,8/29/24 0:00,EC18846953,90.16,,,90.16,8/29/24 0:00,,90.16,9335039040,,Invoice - Head Office,EC18846953,90.16
BRAKES-9335038115,9999,The Vedanta,Invoice,Brakes,8/27/24 0:00,,8/27/24 0:00,8/27/24 0:00,EC18846062,42.98,,,42.98,8/27/24 0:00,,42.98,9335038115,,Invoice - Head Office,EC18846062,42.98
BRAKES-9335038116,9999,The Vedanta,Invoice,Brakes,8/27/24 0:00,,8/27/24 0:00,8/27/24 0:00,EC18833539,262.24,,,262.24,8/27/24 0:00,,262.24,9335038116,,Invoice - Head Office,EC18833539,262.24
BRAKES-9335037597,9999,The Vedanta,Invoice,Brakes,8/24/24 0:00,,8/24/24 0:00,8/24/24 0:00,HOPMAN,534.15,,,534.15,8/24/24 0:00,,534.15,9335037597,,Invoice - Head Office,HOPMAN,534.15
BRAKES-9335036677,9999,The Vedanta,Invoice,Brakes,8/22/24 0:00,,8/22/24 0:00,8/22/24 0:00,EC18790792,31.08,,,31.08,8/22/24 0:00,,31.08,9335036677,,Invoice - Head Office,EC18790792,31.08
BRAKES-9335036678,9999,The Vedanta,Invoice,Brakes,8/22/24 0:00,,8/22/24 0:00,8/22/24 0:00,EC18790788,14.52,,,14.52,8/22/24 0:00,,14.52,9335036678,,Invoice - Head Office,EC18790788,14.52
BRAKES-9335036679,9999,The Vedanta,Invoice,Brakes,8/22/24 0:00,,8/22/24 0:00,8/22/24 0:00,EC18790719,35.47,,,35.47,8/22/24 0:00,,35.47,9335036679,,Invoice - Head Office,EC18790719,35.47
BRAKES-9335036681,9999,The Vedanta,Invoice,Brakes,8/22/24 0:00,,8/22/24 0:00,8/22/24 0:00,HOPMAN,1224.57,,,1224.57,8/22/24 0:00,,1224.57,9335036681,,Invoice - Head Office,HOPMAN,1224.57
BRAKES-9335036680,9999,The Vedanta,Invoice,Brakes,8/22/24 0:00,,8/22/24 0:00,8/22/24 0:00,FRONT OF HOUES 1,241.25,,,241.25,8/22/24 0:00,,241.25,9335036680,,Invoice - Head Office,FRONT OF HOUES 1,241.25
BRAKES-9335035051,9999,The Vedanta,Invoice,Brakes,8/17/24 0:00,,8/17/24 0:00,8/17/24 0:00,EC18704951,257.87,,,257.87,8/17/24 0:00,,257.87,9335035051,,Invoice - Head Office,EC18704951,257.87
BRAKES-5508325254,9999,The Vedanta,Credit,Brakes,8/17/24 0:00,,8/17/24 0:00,,,,,,,8/17/24 0:00,,38.99,5508325254,,Credits - Head Office,,-38.99
BRAKES-9335034096,9999,The Vedanta,Invoice,Brakes,8/15/24 0:00,,8/15/24 0:00,8/15/24 0:00,EC18682001,416.2,,,416.2,8/15/24 0:00,,416.2,9335034096,,Invoice - Head Office,EC18682001,416.2
BRAKES-9335033086,9999,The Vedanta,Invoice,Brakes,8/13/24 0:00,,8/13/24 0:00,8/13/24 0:00,,1366.52,,,1366.52,8/13/24 0:00,,1366.52,9335033086,,Invoice - Head Office,,1366.52
BRAKES-9335031479,9999,The Vedanta,Invoice,Brakes,8/8/24 0:00,,8/8/24 0:00,8/8/24 0:00,,615.95,,,615.95,8/8/24 0:00,,615.95,9335031479,,Invoice - Head Office,,615.95
BRAKES-5508311924,9999,The Vedanta,Credit,Brakes,8/7/24 0:00,,8/7/24 0:00,,,,,,,8/7/24 0:00,,7.67,5508311924,,Credits - Head Office,,-7.67
BRAKES-9335030231,9999,The Vedanta,Invoice,Brakes,8/6/24 0:00,,8/6/24 0:00,8/6/24 0:00,,615.04,,,615.04,8/6/24 0:00,,615.04,9335030231,,Invoice - Head Office,,615.04
BRAKES-9335029832,9999,The Vedanta,Invoice,Brakes,8/3/24 0:00,,8/3/24 0:00,8/3/24 0:00,,651.86,,,651.86,8/3/24 0:00,,651.86,9335029832,,Invoice - Head Office,,651.86
BRAKES-9335027920,9999,The Vedanta,Invoice,Brakes,7/30/24 0:00,,7/30/24 0:00,7/30/24 0:00,,689.22,,,689.22,7/30/24 0:00,,689.22,9335027920,,Invoice - Head Office,,689.22
BRAKES-9335027921,9999,The Vedanta,Invoice,Brakes,7/30/24 0:00,,7/30/24 0:00,7/30/24 0:00,,42.47,,,42.47,7/30/24 0:00,,42.47,9335027921,,Invoice - Head Office,,42.47
BRAKES-9335027273,9999,The Vedanta,Invoice,Brakes,7/27/24 0:00,,7/27/24 0:00,7/27/24 0:00,,56.0,,,56.0,7/27/24 0:00,,56.0,9335027273,,Invoice - Head Office,,56.0
BRAKES-9335027275,9999,The Vedanta,Invoice,Brakes,7/27/24 0:00,,7/27/24 0:00,7/27/24 0:00,,164.31,,,164.31,7/27/24 0:00,,164.31,9335027275,,Invoice - Head Office,,164.31
BRAKES-9335027274,9999,The Vedanta,Invoice,Brakes,7/27/24 0:00,,7/27/24 0:00,7/27/24 0:00,,50.96,,,50.96,7/27/24 0:00,,50.96,9335027274,,Invoice - Head Office,,50.96
BRAKES-9335027276,9999,The Vedanta,Invoice,Brakes,7/27/24 0:00,,7/27/24 0:00,7/27/24 0:00,,18.75,,,18.75,7/27/24 0:00,,18.75,9335027276,,Invoice - Head Office,,18.75
BRAKES-9335027277,9999,The Vedanta,Invoice,Brakes,7/27/24 0:00,,7/27/24 0:00,7/27/24 0:00,,639.19,,,639.19,7/27/24 0:00,,639.19,9335027277,,Invoice - Head Office,,639.19
BRAKES-9335026185,9999,The Vedanta,Invoice,Brakes,7/25/24 0:00,,7/25/24 0:00,7/25/24 0:00,,113.58,,,113.58,7/25/24 0:00,,113.58,9335026185,,Invoice - Head Office,,113.58
BRAKES-9335026186,9999,The Vedanta,Invoice,Brakes,7/25/24 0:00,,7/25/24 0:00,7/25/24 0:00,,409.86,,,409.86,7/25/24 0:00,,409.86,9335026186,,Invoice - Head Office,,409.86
BRAKES-9335024882,9999,The Vedanta,Invoice,Brakes,7/23/24 0:00,,7/23/24 0:00,7/23/24 0:00,,1373.25,,,1373.25,7/23/24 0:00,,1373.25,9335024882,,Invoice - Head Office,,1373.25
BRAKES-9335024027,9999,The Vedanta,Invoice,Brakes,7/20/24 0:00,,7/20/24 0:00,7/20/24 0:00,,962.89,,,962.89,7/20/24 0:00,,962.89,9335024027,,Invoice - Head Office,,962.89
BRAKES-9335022713,9999,The Vedanta,Invoice,Brakes,7/18/24 0:00,,7/18/24 0:00,7/18/24 0:00,,178.63,,,178.63,7/18/24 0:00,,178.63,9335022713,,Invoice - Head Office,,178.63
BRAKES-9335020409,9999,The Vedanta,Invoice,Brakes,7/13/24 0:00,,7/13/24 0:00,7/13/24 0:00,,598.95,,,598.95,7/13/24 0:00,,598.95,9335020409,,Invoice - Head Office,,598.95

TOTALS,,,,Brakes,,,,,,136150.7,,,136150.7,,,136150.7,,,,,132447.36000000002
Invoice total,,,,,,,,,,,,,,,,136150.7
Credit total,,,,,,,,,,,,,,,,3703.34
Net total (invoices - credits),,,,,,,,,,,,,,,,132447.36000000002
