Document Date,Document Number,Type,Is Credit,Amount,Signed Amount,Account,PO,Customer
2024-07-13,9335020409,Invoice - Head Office,No,598.95,598.95,1832142,,The Vedanta Way Ltd
2024-07-18,9335022713,Invoice - Head Office,No,178.63,178.63,1832142,,The Vedanta Way Ltd
2024-07-20,9335024027,Invoice - Head Office,No,962.89,962.89,1832142,,The Vedanta Way Ltd
2024-07-23,9335024882,Invoice - Head Office,No,1373.25,1373.25,1832142,,The Vedanta Way Ltd
2024-07-25,9335026185,Invoice - Head Office,No,113.58,113.58,1832142,,The Vedanta Way Ltd
2024-07-25,9335026186,Invoice - Head Office,No,409.86,409.86,1832142,,The Vedanta Way Ltd
2024-07-27,9335027273,Invoice - Head Office,No,56,56,1832142,,The Vedanta Way Ltd
2024-07-27,9335027274,Invoice - Head Office,No,50.96,50.96,1832142,,The Vedanta Way Ltd
2024-07-27,9335027275,Invoice - Head Office,No,164.31,164.31,1832142,,The Vedanta Way Ltd
2024-07-27,9335027276,Invoice - Head Office,No,18.75,18.75,1832142,,The Vedanta Way Ltd
2024-07-27,9335027277,Invoice - Head Office,No,639.19,639.19,1832142,,The Vedanta Way Ltd
2024-07-30,9335027920,Invoice - Head Office,No,689.22,689.22,1832142,,The Vedanta Way Ltd
2024-07-30,9335027921,Invoice - Head Office,No,42.47,42.47,1832142,,The Vedanta Way Ltd
2024-08-03,9335029832,Invoice - Head Office,No,651.86,651.86,1832142,,The Vedanta Way Ltd
2024-08-06,9335030231,Invoice - Head Office,No,615.04,615.04,1832142,,The Vedanta Way Ltd
2024-08-07,5508311924,Credits - Head Office,Yes,7.67,-7.67,1832142,,The Vedanta Way Ltd
2024-08-08,9335031479,Invoice - Head Office,No,615.95,615.95,1832142,,The Vedanta Way Ltd
2024-08-13,9335033086,Invoice - Head Office,No,1366.52,1366.52,1832142,,The Vedanta Way Ltd
2024-08-15,9335034096,Invoice - Head Office,No,416.2,416.2,1832142,EC18682001,The Vedanta Way Ltd
2024-08-17,5508325254,Credits - Head Office,Yes,38.99,-38.99,1832142,,The Vedanta Way Ltd
2024-08-17,9335035051,Invoice - Head Office,No,257.87,257.87,1832142,EC18704951,The Vedanta Way Ltd
2024-08-22,9335036677,Invoice - Head Office,No,31.08,31.08,1832142,EC18790792,The Vedanta Way Ltd
2024-08-22,9335036678,Invoice - Head Office,No,14.52,14.52,1832142,EC18790788,The Vedanta Way Ltd
2024-08-22,9335036679,Invoice - Head Office,No,35.47,35.47,1832142,EC18790719,The Vedanta Way Ltd
2024-08-22,9335036680,Invoice - Head Office,No,241.25,241.25,1832142,FRONT OF HOUES 1,The Vedanta Way Ltd
2024-08-22,9335036681,Invoice - Head Office,No,1224.57,1224.57,1832142,HOPMAN,The Vedanta Way Ltd
2024-08-24,9335037597,Invoice - Head Office,No,534.15,534.15,1832142,HOPMAN,The Vedanta Way Ltd
2024-08-27,9335038115,Invoice - Head Office,No,42.98,42.98,1832142,EC18846062,The Vedanta Way Ltd
2024-08-27,9335038116,Invoice - Head Office,No,262.24,262.24,1832142,EC18833539,The Vedanta Way Ltd
2024-08-29,9335039040,Invoice - Head Office,No,90.16,90.16,1832142,EC18846953,The Vedanta Way Ltd
2024-09-14,9335046534,Invoice - Head Office,No,366.11,366.11,1832142,EC18883522,The Vedanta Way Ltd
2024-09-19,9335049185,Invoice - Head Office,No,206.55,206.55,1832142,EC19084342,The Vedanta Way Ltd
2024-09-26,9335052574,Invoice - Head Office,No,142.05,142.05,1832142,2110 - MEALS FOOD,The Vedanta Way Ltd
2024-09-26,9335052575,Invoice - Head Office,No,227.4,227.4,1832142,XE2115RO,The Vedanta Way Ltd
2024-09-26,9335052576,Invoice - Head Office,No,26.54,26.54,1832142,NON FOOD,The Vedanta Way Ltd
2024-09-28,9335054103,Invoice - Head Office,No,287.14,287.14,1832142,XERO 2110,The Vedanta Way Ltd
2024-10-01,9335054765,Invoice - Head Office,No,262.78,262.78,1832142,2115,The Vedanta Way Ltd
2024-10-01,9335054766,Invoice - Head Office,No,61.15,61.15,1832142,NON FOOD,The Vedanta Way Ltd
2024-10-01,9335054767,Invoice - Head Office,No,89.25,89.25,1832142,2120,The Vedanta Way Ltd
2024-10-01,9335054768,Invoice - Head Office,No,421.04,421.04,1832142,OXERO 2110,The Vedanta Way Ltd
2024-10-03,9335056354,Invoice - Head Office,No,155.55,155.55,1832142,XERO 2110,The Vedanta Way Ltd
2024-10-05,9335058098,Invoice - Head Office,No,134.29,134.29,1832142,2110,The Vedanta Way Ltd
2024-10-05,9335058099,Invoice - Head Office,No,95.99,95.99,1832142,2115,The Vedanta Way Ltd
2024-10-10,7335002417,Credits - Head Office,Yes,31.78,-31.78,1832142,,The Vedanta Way Ltd
2024-10-12,5508396899,Credits - Head Office,Yes,75.54,-75.54,1832142,,The Vedanta Way Ltd
2024-10-12,9335061376,Invoice - Head Office,No,1358.22,1358.22,1832142,2110,The Vedanta Way Ltd
2024-10-12,9335061377,Invoice - Head Office,No,215.52,215.52,1832142,2115BREAKFAST,The Vedanta Way Ltd
2024-10-12,9335061378,Invoice - Head Office,No,88.46,88.46,1832142,NONFOOD,The Vedanta Way Ltd
2024-10-12,9335061379,Invoice - Head Office,No,214.51,214.51,1832142,2120,The Vedanta Way Ltd
2024-10-15,9335062632,Invoice - Head Office,No,162.71,162.71,1832142,2110,The Vedanta Way Ltd
2024-10-17,9335064138,Invoice - Head Office,No,40.67,40.67,1832142,2110,The Vedanta Way Ltd
2024-10-17,9335064139,Invoice - Head Office,No,106.54,106.54,1832142,2115,The Vedanta Way Ltd
2024-10-17,9335064140,Invoice - Head Office,No,295.01,295.01,1832142,2110,The Vedanta Way Ltd
2024-10-18,5508405118,Credits - Head Office,Yes,31.32,-31.32,1832142,,The Vedanta Way Ltd
2024-10-22,9335066223,Invoice - Head Office,No,22.97,22.97,1832142,KITCHEN,The Vedanta Way Ltd
2024-10-22,9335066224,Invoice - Head Office,No,78.61,78.61,1832142,NON FOOD,The Vedanta Way Ltd
2024-10-22,9335066225,Invoice - Head Office,No,86.9,86.9,1832142,MAIN MEAL,The Vedanta Way Ltd
2024-10-22,9335066226,Invoice - Head Office,No,262.75,262.75,1832142,BREAKFAST,The Vedanta Way Ltd
2024-10-22,9335066227,Invoice - Head Office,No,83.13,83.13,1832142,FRONT OF HOUSE,The Vedanta Way Ltd
2024-10-24,9335067328,Invoice - Head Office,No,282.61,282.61,1832142,BREAKFAST,The Vedanta Way Ltd
2024-10-24,9335067329,Invoice - Head Office,No,323.11,323.11,1832142,MAIN MEAL,The Vedanta Way Ltd
2024-10-26,9335068319,Invoice - Head Office,No,61.73,61.73,1832142,BREAKFAST,The Vedanta Way Ltd
2024-10-26,9335068320,Invoice - Head Office,No,61.81,61.81,1832142,MAIN MEAL,The Vedanta Way Ltd
2024-10-31,9335070101,Invoice - Head Office,No,668.45,668.45,1832142,EC19685751,The Vedanta Way Ltd
2024-11-02,9335071238,Invoice - Head Office,No,351.71,351.71,1832142,EC19742983,The Vedanta Way Ltd
2024-11-07,9335073520,Invoice - Head Office,No,916.9,916.9,1832142,EC19764335,The Vedanta Way Ltd
2024-11-09,9335074567,Invoice - Head Office,No,403.76,403.76,1832142,EC19836418,The Vedanta Way Ltd
2024-11-14,9335076936,Invoice - Head Office,No,1232.77,1232.77,1832142,EC19871046,The Vedanta Way Ltd
2024-11-15,5508440405,Credits - Head Office,Yes,10.58,-10.58,1832142,,The Vedanta Way Ltd
2024-11-16,9335078789,Invoice - Head Office,No,798.22,798.22,1832142,EC19969028,The Vedanta Way Ltd
2024-11-19,9335079588,Invoice - Head Office,No,860.25,860.25,1832142,EC19998370,The Vedanta Way Ltd
2024-11-21,9335081120,Invoice - Head Office,No,638.95,638.95,1832142,EC20030349,The Vedanta Way Ltd
2024-11-23,9335082234,Invoice - Head Office,No,1020.42,1020.42,1832142,HOPMAN,The Vedanta Way Ltd
2024-11-23,9335082235,Invoice - Head Office,No,26.06,26.06,1832142,EC20092198,The Vedanta Way Ltd
2024-11-26,9335083251,Invoice - Head Office,No,387.85,387.85,1832142,HOPMAN,The Vedanta Way Ltd
2024-11-27,5508454186,Credits - Head Office,Yes,24.04,-24.04,1832142,,The Vedanta Way Ltd
2024-11-28,5508457329,Credits - Head Office,Yes,12.59,-12.59,1832142,,The Vedanta Way Ltd
2024-11-28,9335084442,Invoice - Head Office,No,44.64,44.64,1832142,EC20153480,The Vedanta Way Ltd
2024-11-28,9335084443,Invoice - Head Office,No,191.13,191.13,1832142,HOPMAN,The Vedanta Way Ltd
2024-11-30,9335085799,Invoice - Head Office,No,11.51,11.51,1832142,EC20192718,The Vedanta Way Ltd
2024-11-30,9335085800,Invoice - Head Office,No,982.82,982.82,1832142,SCHOOL,The Vedanta Way Ltd
2024-12-01,5508459891,Credits - Head Office,Yes,36,-36,1832142,,The Vedanta Way Ltd
2024-12-03,9335087126,Invoice - Head Office,No,318.65,318.65,1832142,EC20192856,The Vedanta Way Ltd
2024-12-07,9335090168,Invoice - Head Office,No,778.77,778.77,1832142,MENTY,The Vedanta Way Ltd
2024-12-07,9335090169,Invoice - Head Office,No,27.57,27.57,1832142,EC20296112,The Vedanta Way Ltd
2024-12-07,9335090170,Invoice - Head Office,No,748.24,748.24,1832142,HOPMAN,The Vedanta Way Ltd
2024-12-10,9335090706,Invoice - Head Office,No,965.91,965.91,1832142,EC20296136,The Vedanta Way Ltd
2024-12-12,9335092658,Invoice - Head Office,No,302.57,302.57,1832142,EC20352755,The Vedanta Way Ltd
2024-12-12,9335092659,Invoice - Head Office,No,541.27,541.27,1832142,EC20314795,The Vedanta Way Ltd
2024-12-13,5508477962,Credits - Head Office,Yes,113.6,-113.6,1832142,,The Vedanta Way Ltd
2024-12-14,9335094134,Invoice - Head Office,No,40.59,40.59,1832142,EC20386928,The Vedanta Way Ltd
2024-12-14,9335094135,Invoice - Head Office,No,943.59,943.59,1832142,EC20359598,The Vedanta Way Ltd
2024-12-14,9335094136,Invoice - Head Office,No,74.1,74.1,1832142,EC20386827,The Vedanta Way Ltd
2024-12-17,9335094867,Invoice - Head Office,No,173.62,173.62,1832142,EC20394012,The Vedanta Way Ltd
2024-12-28,9335098870,Invoice - Head Office,No,345.92,345.92,1832142,EC20421584,The Vedanta Way Ltd
2024-12-31,9335099392,Invoice - Head Office,No,122.77,122.77,1832142,EC20538296,The Vedanta Way Ltd
2025-01-09,9335102845,Invoice - Head Office,No,548.55,548.55,1832142,HOPMAN,The Vedanta Way Ltd
2025-01-10,5508504065,Credits - Head Office,Yes,21.16,-21.16,1832142,,The Vedanta Way Ltd
2025-01-10,5508504066,Credits - Head Office,Yes,9.54,-9.54,1832142,,The Vedanta Way Ltd
2025-01-11,7335003855,Credits - Head Office,Yes,48.73,-48.73,1832142,,The Vedanta Way Ltd
2025-01-11,9335104143,Invoice - Head Office,No,362.46,362.46,1832142,EC20649494,The Vedanta Way Ltd
2025-01-11,9335104144,Invoice - Head Office,No,58.27,58.27,1832142,,The Vedanta Way Ltd
2025-01-14,9335104999,Invoice - Head Office,No,663.19,663.19,1832142,EC20683582,The Vedanta Way Ltd
2025-01-16,9335106532,Invoice - Head Office,No,333.74,333.74,1832142,EC20707349,The Vedanta Way Ltd
2025-01-18,9335107837,Invoice - Head Office,No,150,150,1832142,EC20776225,The Vedanta Way Ltd
2025-01-18,9335107838,Invoice - Head Office,No,510.7,510.7,1832142,EC20742519,The Vedanta Way Ltd
2025-01-21,9335108626,Invoice - Head Office,No,441.84,441.84,1832142,EC20776324,The Vedanta Way Ltd
2025-01-23,9335110009,Invoice - Head Office,No,270.36,270.36,1832142,EC20805260,The Vedanta Way Ltd
2025-01-25,9335111384,Invoice - Head Office,No,311.65,311.65,1832142,EC20838989,The Vedanta Way Ltd
2025-01-28,7335004071,Credits - Head Office,Yes,49.99,-49.99,1832142,,The Vedanta Way Ltd
2025-01-28,9335112168,Invoice - Head Office,No,51.52,51.52,1832142,EC20896017,The Vedanta Way Ltd
2025-01-28,9335112169,Invoice - Head Office,No,360.05,360.05,1832142,EC20865873,The Vedanta Way Ltd
2025-01-29,9335112950,Invoice - Head Office,No,226.25,226.25,1832142,,The Vedanta Way Ltd
2025-02-06,9335117247,Invoice - Head Office,No,613.01,613.01,1832142,EC20896173,The Vedanta Way Ltd
2025-02-07,5508533182,Credits - Head Office,Yes,40.21,-40.21,1832142,,The Vedanta Way Ltd
2025-02-08,9335118693,Invoice - Head Office,No,43.98,43.98,1832142,EC21045861,The Vedanta Way Ltd
2025-02-08,9335118694,Invoice - Head Office,No,304.71,304.71,1832142,EC21018904,The Vedanta Way Ltd
2025-02-09,5508535406,Credits - Head Office,Yes,43.98,-43.98,1832142,,The Vedanta Way Ltd
2025-02-11,9335119526,Invoice - Head Office,No,528.41,528.41,1832142,EC21045930,The Vedanta Way Ltd
2025-02-13,9335121044,Invoice - Head Office,No,249.73,249.73,1832142,EC21071741,The Vedanta Way Ltd
2025-02-18,9335123176,Invoice - Head Office,No,61.7,61.7,1832142,EC21154904,The Vedanta Way Ltd
2025-02-18,9335123177,Invoice - Head Office,No,299.75,299.75,1832142,EC21100857,The Vedanta Way Ltd
2025-02-20,9335124368,Invoice - Head Office,No,380.58,380.58,1832142,EC21154906,The Vedanta Way Ltd
2025-02-22,9335125571,Invoice - Head Office,No,286.38,286.38,1832142,EC21181310,The Vedanta Way Ltd
2025-03-01,9335129214,Invoice - Head Office,No,91.17,91.17,1832142,EC21309853,The Vedanta Way Ltd
2025-03-01,9335129215,Invoice - Head Office,No,138.65,138.65,1832142,EC21302783,The Vedanta Way Ltd
2025-03-01,9335129216,Invoice - Head Office,No,183.1,183.1,1832142,EC21302664,The Vedanta Way Ltd
2025-03-01,9335129217,Invoice - Head Office,No,679.95,679.95,1832142,EC21211513,The Vedanta Way Ltd
2025-03-03,9335129714,Invoice - Head Office,No,1138.11,1138.11,1832142,EC21309963,The Vedanta Way Ltd
2025-03-04,9335130114,Invoice - Head Office,No,410.56,410.56,1832142,EC21323162,The Vedanta Way Ltd
2025-03-13,9335135934,Invoice - Head Office,No,37.92,37.92,1832142,KC SOC,The Vedanta Way Ltd
2025-03-13,9335135935,Invoice - Head Office,No,1313.59,1313.59,1832142,KC SOC,The Vedanta Way Ltd
2025-03-15,9335137527,Invoice - Head Office,No,212.08,212.08,1832142,EC21473709,The Vedanta Way Ltd
2025-03-20,9335140283,Invoice - Head Office,No,633.77,633.77,1832142,EC21507582,The Vedanta Way Ltd
2025-03-22,9335141938,Invoice - Head Office,No,223.79,223.79,1832142,EC21582470,The Vedanta Way Ltd
2025-03-29,9335146437,Invoice - Head Office,No,359.97,359.97,1832142,EC21615027,The Vedanta Way Ltd
2025-04-10,9335152827,Invoice - Head Office,No,1038.1,1038.1,1832142,HOPMAN,The Vedanta Way Ltd
2025-04-12,9335153976,Invoice - Head Office,No,499.93,499.93,1832142,EC21877403,The Vedanta Way Ltd
2025-04-17,9335156062,Invoice - Head Office,No,390.38,390.38,1832142,EC21910572,The Vedanta Way Ltd
2025-04-18,5508619995,Credits - Head Office,Yes,52.77,-52.77,1832142,,The Vedanta Way Ltd
2025-04-24,9335159052,Invoice - Head Office,No,909.47,909.47,1832142,EC21956111,The Vedanta Way Ltd
2025-04-26,9335160696,Invoice - Head Office,No,269.05,269.05,1832142,EC22046432,The Vedanta Way Ltd
2025-04-29,9335161659,Invoice - Head Office,No,517.73,517.73,1832142,EC22084892,The Vedanta Way Ltd
2025-05-03,9335165249,Invoice - Head Office,No,309.59,309.59,1832142,EC22112592,The Vedanta Way Ltd
2025-05-08,9335167846,Invoice - Head Office,No,265.57,265.57,1832142,EC22204354,The Vedanta Way Ltd
2025-05-09,5508646559,Credits - Head Office,Yes,32.03,-32.03,1832142,,The Vedanta Way Ltd
2025-05-10,9335169617,Invoice - Head Office,No,675.94,675.94,1832142,TONY,The Vedanta Way Ltd
2025-05-11,5508648717,Credits - Head Office,Yes,46.07,-46.07,1832142,,The Vedanta Way Ltd
2025-05-13,9335170603,Invoice - Head Office,No,295.62,295.62,1832142,EC22321883,The Vedanta Way Ltd
2025-05-13,9335170604,Invoice - Head Office,No,941.1,941.1,1832142,EC22296355,The Vedanta Way Ltd
2025-05-14,5508651839,Credits - Head Office,Yes,25.04,-25.04,1832142,,The Vedanta Way Ltd
2025-05-15,9335172508,Invoice - Head Office,No,1341.4,1341.4,1832142,EC22322000,The Vedanta Way Ltd
2025-05-17,9335174271,Invoice - Head Office,No,128.87,128.87,1832142,EC22401062,The Vedanta Way Ltd
2025-05-17,9335174272,Invoice - Head Office,No,628.3,628.3,1832142,EC22370441,The Vedanta Way Ltd
2025-05-20,9335175350,Invoice - Head Office,No,409.9,409.9,1832142,EC22401212,The Vedanta Way Ltd
2025-05-22,9335177241,Invoice - Head Office,No,609.82,609.82,1832142,EC22431623,The Vedanta Way Ltd
2025-05-23,5508664841,Credits - Head Office,Yes,74.87,-74.87,1832142,,The Vedanta Way Ltd
2025-05-24,9335178796,Invoice - Head Office,No,756.08,756.08,1832142,EC22471862,The Vedanta Way Ltd
2025-05-25,5508666016,Credits - Head Office,Yes,16.05,-16.05,1832142,,The Vedanta Way Ltd
2025-05-27,7335006165,Credits - Head Office,Yes,35.8,-35.8,1832142,,The Vedanta Way Ltd
2025-05-27,9335179700,Invoice - Head Office,No,750.54,750.54,1832142,EC22506151,The Vedanta Way Ltd
2025-05-27,9335179701,Invoice - Head Office,No,35.8,35.8,1832142,,The Vedanta Way Ltd
2025-05-28,5508669850,Credits - Head Office,Yes,57.84,-57.84,1832142,,The Vedanta Way Ltd
2025-05-29,9335180812,Invoice - Head Office,No,469.23,469.23,1832142,EC22526119,The Vedanta Way Ltd
2025-05-31,9335181936,Invoice - Head Office,No,31.46,31.46,1832142,EC22584361,The Vedanta Way Ltd
2025-05-31,9335181937,Invoice - Head Office,No,911.85,911.85,1832142,EC22555660,The Vedanta Way Ltd
2025-06-03,9335182973,Invoice - Head Office,No,1293.43,1293.43,1832142,EC22584725,The Vedanta Way Ltd
2025-06-04,5508679575,Credits - Head Office,Yes,11.37,-11.37,1832142,,The Vedanta Way Ltd
2025-06-05,9335184671,Invoice - Head Office,No,1082.19,1082.19,1832142,EC22613942,The Vedanta Way Ltd
2025-06-06,5508682855,Credits - Head Office,Yes,29.97,-29.97,1832142,,The Vedanta Way Ltd
2025-06-07,9335186246,Invoice - Head Office,No,9.06,9.06,1832142,EC22689919,The Vedanta Way Ltd
2025-06-07,9335186247,Invoice - Head Office,No,619.71,619.71,1832142,EC22657820,The Vedanta Way Ltd
2025-06-10,9335187269,Invoice - Head Office,No,107.72,107.72,1832142,EC22721089,The Vedanta Way Ltd
2025-06-10,9335187270,Invoice - Head Office,No,659.44,659.44,1832142,FRONT OF HOUSES,The Vedanta Way Ltd
2025-06-10,9335187271,Invoice - Head Office,No,1117.89,1117.89,1832142,RUPERT,The Vedanta Way Ltd
2025-06-12,9335188975,Invoice - Head Office,No,907.05,907.05,1832142,EC22721608,The Vedanta Way Ltd
2025-06-14,9335190540,Invoice - Head Office,No,1115.44,1115.44,1832142,EC22767772,The Vedanta Way Ltd
2025-06-15,5508693319,Credits - Head Office,Yes,248.91,-248.91,1832142,,The Vedanta Way Ltd
2025-06-16,9335191421,Invoice - Head Office,No,176.58,176.58,1832142,,The Vedanta Way Ltd
2025-06-19,9335193335,Invoice - Head Office,No,957.57,957.57,1832142,EC22805447,The Vedanta Way Ltd
2025-06-20,5508700796,Credits - Head Office,Yes,21.81,-21.81,1832142,,The Vedanta Way Ltd
2025-06-20,5508700797,Credits - Head Office,Yes,22.24,-22.24,1832142,,The Vedanta Way Ltd
2025-06-21,9335194904,Invoice - Head Office,No,447.73,447.73,1832142,EC22866747,The Vedanta Way Ltd
2025-06-24,9335195948,Invoice - Head Office,No,177.45,177.45,1832142,EC22902682,The Vedanta Way Ltd
2025-06-26,9335197643,Invoice - Head Office,No,528.29,528.29,1832142,EC22940143,The Vedanta Way Ltd
2025-06-27,5508710436,Credits - Head Office,Yes,49.22,-49.22,1832142,,The Vedanta Way Ltd
2025-06-28,9335199197,Invoice - Head Office,No,311.83,311.83,1832142,EC22976762,The Vedanta Way Ltd
2025-07-01,9335200173,Invoice - Head Office,No,453.52,453.52,1832142,EC23003862,The Vedanta Way Ltd
2025-07-03,9335201880,Invoice - Head Office,No,284.29,284.29,1832142,EC23037586,The Vedanta Way Ltd
2025-07-05,9335203437,Invoice - Head Office,No,753.72,753.72,1832142,EC23070589,The Vedanta Way Ltd
2025-07-07,5508721280,Credits - Head Office,Yes,38.15,-38.15,1832142,,The Vedanta Way Ltd
2025-07-08,9335204453,Invoice - Head Office,No,869.06,869.06,1832142,EC23101844,The Vedanta Way Ltd
2025-07-10,9335206123,Invoice - Head Office,No,15.89,15.89,1832142,EC23171708,The Vedanta Way Ltd
2025-07-10,9335206124,Invoice - Head Office,No,282.45,282.45,1832142,EC23137218,The Vedanta Way Ltd
2025-07-10,9335206125,Invoice - Head Office,No,16.58,16.58,1832142,EC23171676,The Vedanta Way Ltd
2025-07-11,5508727975,Credits - Head Office,Yes,15.89,-15.89,1832142,,The Vedanta Way Ltd
2025-07-11,5508727976,Credits - Head Office,Yes,16.58,-16.58,1832142,,The Vedanta Way Ltd
2025-07-11,5508727977,Credits - Head Office,Yes,65.42,-65.42,1832142,,The Vedanta Way Ltd
2025-07-12,9335207549,Invoice - Head Office,No,627.9,627.9,1832142,EC23171717,The Vedanta Way Ltd
2025-07-15,9335208577,Invoice - Head Office,No,363.42,363.42,1832142,EC23197994,The Vedanta Way Ltd
2025-07-16,5508733191,Credits - Head Office,Yes,17.92,-17.92,1832142,,The Vedanta Way Ltd
2025-07-19,9335211554,Invoice - Head Office,No,1154.58,1154.58,1832142,EC23234245,The Vedanta Way Ltd
2025-07-20,5508739054,Credits - Head Office,Yes,13.74,-13.74,1832142,,The Vedanta Way Ltd
2025-07-22,9335212490,Invoice - Head Office,No,599.04,599.04,1832142,EC23296425,The Vedanta Way Ltd
2025-07-24,9335214052,Invoice - Head Office,No,745.34,745.34,1832142,EC23324905,The Vedanta Way Ltd
2025-07-26,9335215354,Invoice - Head Office,No,361.5,361.5,1832142,EC23386562,The Vedanta Way Ltd
2025-07-26,9335215355,Invoice - Head Office,No,1062.54,1062.54,1832142,EC23353666,The Vedanta Way Ltd
2025-07-27,5508746823,Credits - Head Office,Yes,2.58,-2.58,1832142,,The Vedanta Way Ltd
2025-07-27,5508746824,Credits - Head Office,Yes,14.68,-14.68,1832142,,The Vedanta Way Ltd
2025-07-29,9335216274,Invoice - Head Office,No,959.32,959.32,1832142,EC23386607,The Vedanta Way Ltd
2025-07-31,9335217284,Invoice - Head Office,No,113.33,113.33,1832142,EC23448463,The Vedanta Way Ltd
2025-07-31,9335217285,Invoice - Head Office,No,922.1,922.1,1832142,EC23418414,The Vedanta Way Ltd
2025-08-02,9335218441,Invoice - Head Office,No,691.72,691.72,1832142,EC23448743,The Vedanta Way Ltd
2025-08-03,5508754608,Credits - Head Office,Yes,40.59,-40.59,1832142,,The Vedanta Way Ltd
2025-08-05,5508756945,Credits - Head Office,Yes,70.38,-70.38,1832142,,The Vedanta Way Ltd
2025-08-07,9335220456,Invoice - Head Office,No,424.1,424.1,1832142,EC23474953,The Vedanta Way Ltd
2025-08-09,7335007479,Credits - Head Office,Yes,22.86,-22.86,1832142,,The Vedanta Way Ltd
2025-08-12,9335222453,Invoice - Head Office,No,939.53,939.53,1832142,EC23537198,The Vedanta Way Ltd
2025-08-14,9335223653,Invoice - Head Office,No,746.14,746.14,1832142,EC23594231,The Vedanta Way Ltd
2025-08-16,9335224722,Invoice - Head Office,No,1029.54,1029.54,1832142,EC23631198,The Vedanta Way Ltd
2025-08-17,5508770476,Credits - Head Office,Yes,21.31,-21.31,1832142,,The Vedanta Way Ltd
2025-08-19,9335225642,Invoice - Head Office,No,439.44,439.44,1832142,EC23655395,The Vedanta Way Ltd
2025-08-19,9335225643,Invoice - Head Office,No,312.87,312.87,1832142,9999-130825A,The Vedanta Way Ltd
2025-08-20,5508774016,Credits - Head Office,Yes,23.03,-23.03,1832142,,The Vedanta Way Ltd
2025-08-21,9335226806,Invoice - Head Office,No,1035.42,1035.42,1832142,EC23684831,The Vedanta Way Ltd
2025-08-23,9335228022,Invoice - Head Office,No,266.16,266.16,1832142,EC23732386,The Vedanta Way Ltd
2025-08-23,9335228023,Invoice - Head Office,No,47.88,47.88,1832142,,The Vedanta Way Ltd
2025-08-28,9335230003,Invoice - Head Office,No,497.7,497.7,1832142,EC23770203,The Vedanta Way Ltd
2025-08-30,9335231157,Invoice - Head Office,No,249.28,249.28,1832142,EC23825781,The Vedanta Way Ltd
2025-09-02,9335232189,Invoice - Head Office,No,545.92,545.92,1832142,VIVA MUKTI,The Vedanta Way Ltd
2025-09-04,9335233943,Invoice - Head Office,No,237.13,237.13,1832142,EC23890567,The Vedanta Way Ltd
2025-09-06,9335235734,Invoice - Head Office,No,210.3,210.3,1832142,EC23935001,The Vedanta Way Ltd
2025-09-13,9335240548,Invoice - Head Office,No,47.76,47.76,1832142,9999-120925A,The Vedanta Way Ltd
2025-09-13,9335240549,Invoice - Head Office,No,870.52,870.52,1832142,EC23966406,The Vedanta Way Ltd
2025-09-16,9335241565,Invoice - Head Office,No,292.99,292.99,1832142,EC24054689,The Vedanta Way Ltd
2025-09-18,9335243509,Invoice - Head Office,No,17.18,17.18,1832142,9999-170925A,The Vedanta Way Ltd
2025-09-18,9335243510,Invoice - Head Office,No,257.2,257.2,1832142,9999-200825A,The Vedanta Way Ltd
2025-09-20,5508816380,Credits - Head Office,Yes,16.48,-16.48,1832142,,The Vedanta Way Ltd
2025-09-23,9335246517,Invoice - Head Office,No,223.3,223.3,1832142,EC24101679,The Vedanta Way Ltd
2025-09-25,9335248395,Invoice - Head Office,No,254.45,254.45,1832142,EC24208902,The Vedanta Way Ltd
2025-09-27,9335250263,Invoice - Head Office,No,25.13,25.13,1832142,EC24292543,The Vedanta Way Ltd
2025-09-27,9335250264,Invoice - Head Office,No,302.47,302.47,1832142,EC24264047,The Vedanta Way Ltd
2025-09-28,5508827677,Credits - Head Office,Yes,54.36,-54.36,1832142,,The Vedanta Way Ltd
2025-10-04,9335254966,Invoice - Head Office,No,506.42,506.42,1832142,EC24292858,The Vedanta Way Ltd
2025-10-06,5508838723,Credits - Head Office,Yes,22.9,-22.9,1832142,,The Vedanta Way Ltd
2025-10-07,9335255967,Invoice - Head Office,No,73,73,1832142,EC24428442,The Vedanta Way Ltd
2025-10-07,9335255968,Invoice - Head Office,No,597.56,597.56,1832142,EC24399818,The Vedanta Way Ltd
2025-10-11,9335259648,Invoice - Head Office,No,581.67,581.67,1832142,EC24428707,The Vedanta Way Ltd
2025-10-14,9335260708,Invoice - Head Office,No,21.87,21.87,1832142,EC24548315,The Vedanta Way Ltd
2025-10-14,9335260709,Invoice - Head Office,No,544.05,544.05,1832142,EC24516527,The Vedanta Way Ltd
2025-10-16,9335262653,Invoice - Head Office,No,278.26,278.26,1832142,EC24547722,The Vedanta Way Ltd
2025-10-21,9335264817,Invoice - Head Office,No,560.91,560.91,1832142,EC24637049,The Vedanta Way Ltd
2025-10-21,9335264818,Invoice - Head Office,No,222.65,222.65,1832142,EC24584990,The Vedanta Way Ltd
2025-10-23,5508863001,Credits - Head Office,Yes,31.54,-31.54,1832142,,The Vedanta Way Ltd
2025-10-23,9335266755,Invoice - Head Office,No,471.63,471.63,1832142,EC24658993,The Vedanta Way Ltd
2025-10-24,5508865595,Credits - Head Office,Yes,24.58,-24.58,1832142,,The Vedanta Way Ltd
2025-10-25,9335268078,Invoice - Head Office,No,414.81,414.81,1832142,EC24701331,The Vedanta Way Ltd
2025-11-04,9335272620,Invoice - Head Office,No,772.64,772.64,1832142,EC24733180,The Vedanta Way Ltd
2025-11-06,9335274597,Invoice - Head Office,No,405.6,405.6,1832142,EC24863150,The Vedanta Way Ltd
2025-11-13,9335279628,Invoice - Head Office,No,619.43,619.43,1832142,EC24908658,The Vedanta Way Ltd
2025-11-14,5508895584,Credits - Head Office,Yes,15.88,-15.88,1832142,,The Vedanta Way Ltd
2025-11-15,9335281464,Invoice - Head Office,No,896.4,896.4,1832142,EC25014190,The Vedanta Way Ltd
2025-11-18,9335282652,Invoice - Head Office,No,1985.05,1985.05,1832142,EC25052241,The Vedanta Way Ltd
2025-11-19,5508902147,Credits - Head Office,Yes,7.77,-7.77,1832142,,The Vedanta Way Ltd
2025-11-20,9335284508,Invoice - Head Office,No,1699.83,1699.83,1832142,RUPERT,The Vedanta Way Ltd
2025-11-21,5508906038,Credits - Head Office,Yes,339,-339,1832142,,The Vedanta Way Ltd
2025-11-22,9335286368,Invoice - Head Office,No,48.61,48.61,1832142,EC25175209,The Vedanta Way Ltd
2025-11-22,9335286369,Invoice - Head Office,No,822.92,822.92,1832142,EC25138597,The Vedanta Way Ltd
2025-11-23,5508907652,Credits - Head Office,Yes,11.45,-11.45,1832142,,The Vedanta Way Ltd
2025-11-25,9335287503,Invoice - Head Office,No,754.9,754.9,1832142,EC25175299,The Vedanta Way Ltd
2025-11-27,7335009807,Credits - Head Office,Yes,21.66,-21.66,1832142,,The Vedanta Way Ltd
2025-11-27,9335289479,Invoice - Head Office,No,296.74,296.74,1832142,EC25205948,The Vedanta Way Ltd
2025-11-29,9335291360,Invoice - Head Office,No,558.09,558.09,1832142,EC25287161,The Vedanta Way Ltd
2025-11-30,5508917934,Credits - Head Office,Yes,14.39,-14.39,1832142,,The Vedanta Way Ltd
2025-12-04,9335294464,Invoice - Head Office,No,538.02,538.02,1832142,EC25319509,The Vedanta Way Ltd
2025-12-05,5508927543,Credits - Head Office,Yes,17.7,-17.7,1832142,,The Vedanta Way Ltd
2025-12-06,9335296337,Invoice - Head Office,No,455.98,455.98,1832142,EC25392604,The Vedanta Way Ltd
2025-12-09,9335297561,Invoice - Head Office,No,195,195,1832142,EC25431180,The Vedanta Way Ltd
2025-12-13,9335300984,Invoice - Head Office,No,224.39,224.39,1832142,EC25463531,The Vedanta Way Ltd
2025-12-16,9335302176,Invoice - Head Office,No,624.5,624.5,1832142,EC25531725,The Vedanta Way Ltd
2025-12-18,9335304394,Invoice - Head Office,No,1088.5,1088.5,1832142,EC25563862,The Vedanta Way Ltd
2025-12-19,5508950176,Credits - Head Office,Yes,134.43,-134.43,1832142,,The Vedanta Way Ltd
2025-12-19,9335305368,Invoice - Head Office,No,872.78,872.78,1832142,EC25602526,The Vedanta Way Ltd
2025-12-20,9335306089,Invoice - Head Office,No,1059.91,1059.91,1832142,EC25620311,The Vedanta Way Ltd
2025-12-20,9335306090,Invoice - Head Office,No,94.43,94.43,1832142,EC25620286,The Vedanta Way Ltd
2025-12-20,9335306091,Invoice - Head Office,No,198.99,198.99,1832142,EC25611822,The Vedanta Way Ltd
2025-12-21,5508952537,Credits - Head Office,Yes,94.84,-94.84,1832142,,The Vedanta Way Ltd
2026-01-08,9335312652,Invoice - Head Office,No,446.28,446.28,1832142,EC25629965,The Vedanta Way Ltd
2026-01-10,5508972018,Credits - Head Office,Yes,9.96,-9.96,1832142,,The Vedanta Way Ltd
2026-01-13,9335315267,Invoice - Head Office,No,674.77,674.77,1832142,EC25811541,The Vedanta Way Ltd
2026-01-14,5508977619,Credits - Head Office,Yes,22.52,-22.52,1832142,,The Vedanta Way Ltd
2026-01-15,7335010935,Credits - Head Office,Yes,89.44,-89.44,1832142,,The Vedanta Way Ltd
2026-01-15,9335317134,Invoice - Head Office,No,655.77,655.77,1832142,EC25868399,The Vedanta Way Ltd
2026-01-17,9335318875,Invoice - Head Office,No,739.37,739.37,1832142,EC25906526,The Vedanta Way Ltd
2026-01-18,5508982854,Credits - Head Office,Yes,5.63,-5.63,1832142,,The Vedanta Way Ltd
2026-01-29,9335326403,Invoice - Head Office,No,1401.3,1401.3,1832142,EC25944031,The Vedanta Way Ltd
2026-01-30,5508997857,Credits - Head Office,Yes,52.25,-52.25,1832142,,The Vedanta Way Ltd
2026-01-31,9335328086,Invoice - Head Office,No,278.17,278.17,1832142,EC26103674,The Vedanta Way Ltd
2026-02-05,9335331131,Invoice - Head Office,No,337,337,1832142,EC26139291,The Vedanta Way Ltd
2026-02-12,9335336483,Invoice - Head Office,No,277.39,277.39,1832142,EC26263213,The Vedanta Way Ltd
2026-02-14,9335337887,Invoice - Head Office,No,268.23,268.23,1832142,DELIVER BEFORE11A,The Vedanta Way Ltd
2026-02-16,5509020113,Credits - Head Office,Yes,6.54,-6.54,1832142,,The Vedanta Way Ltd
2026-02-19,9335340182,Invoice - Head Office,No,414.76,414.76,1832142,EC26416761,The Vedanta Way Ltd
2026-02-21,9335341463,Invoice - Head Office,No,307.46,307.46,1832142,EC26479301,The Vedanta Way Ltd
2026-02-24,9335342508,Invoice - Head Office,No,21.66,21.66,1832142,EC26539134,The Vedanta Way Ltd
2026-02-24,9335342509,Invoice - Head Office,No,638.14,638.14,1832142,EC26507700,The Vedanta Way Ltd
2026-02-26,9335344352,Invoice - Head Office,No,474.69,474.69,1832142,EC26539326,The Vedanta Way Ltd
2026-03-07,9335351064,Invoice - Head Office,No,371.81,371.81,1832142,EC26589563,The Vedanta Way Ltd
2026-03-12,9335354216,Invoice - Head Office,No,437.85,437.85,1832142,EC26733841,The Vedanta Way Ltd
2026-03-17,9335357211,Invoice - Head Office,No,508.34,508.34,1832142,EC26812200,The Vedanta Way Ltd
2026-03-19,9335359153,Invoice - Head Office,No,482.28,482.28,1832142,EC26880659,The Vedanta Way Ltd
2026-03-19,9335359154,Invoice - Head Office,No,106.8,106.8,1832142,,The Vedanta Way Ltd
2026-03-20,5509062621,Credits - Head Office,Yes,2.99,-2.99,1832142,,The Vedanta Way Ltd
2026-03-20,7335012363,Credits - Head Office,Yes,91.56,-91.56,1832142,,The Vedanta Way Ltd
2026-03-21,9335360951,Invoice - Head Office,No,257.87,257.87,1832142,EC26921281,The Vedanta Way Ltd
2026-03-22,5509066283,Credits - Head Office,Yes,27.72,-27.72,1832142,,The Vedanta Way Ltd
2026-03-26,9335364151,Invoice - Head Office,No,742.07,742.07,1832142,EC26954921,The Vedanta Way Ltd
2026-03-31,9335366819,Invoice - Head Office,No,621.38,621.38,1832142,EC27033842,The Vedanta Way Ltd
2026-04-09,9335371182,Invoice - Head Office,No,975.87,975.87,1832142,EC27090478,The Vedanta Way Ltd
2026-04-10,5509092002,Credits - Head Office,Yes,45.09,-45.09,1832142,,The Vedanta Way Ltd
2026-04-11,9335372450,Invoice - Head Office,No,307.25,307.25,1832142,EC27242021,The Vedanta Way Ltd
2026-04-14,9335373564,Invoice - Head Office,No,278.91,278.91,1832142,EC27274090,The Vedanta Way Ltd
2026-04-15,5509098776,Credits - Head Office,Yes,22.89,-22.89,1832142,,The Vedanta Way Ltd
2026-04-16,9335375400,Invoice - Head Office,No,928.41,928.41,1832142,EC27305975,The Vedanta Way Ltd
2026-04-17,5509104055,Credits - Head Office,Yes,11.22,-11.22,1832142,,The Vedanta Way Ltd
2026-04-18,7335012875,Credits - Head Office,Yes,9.23,-9.23,1832142,,The Vedanta Way Ltd
2026-04-18,9335377211,Invoice - Head Office,No,342.67,342.67,1832142,EC27344201,The Vedanta Way Ltd
2026-04-18,9335377212,Invoice - Head Office,No,110.57,110.57,1832142,,The Vedanta Way Ltd
2026-04-23,9335380369,Invoice - Head Office,No,57.56,57.56,1832142,EC27476364,The Vedanta Way Ltd
2026-04-23,9335380370,Invoice - Head Office,No,10.8,10.8,1832142,EC27476355,The Vedanta Way Ltd
2026-04-23,9335380371,Invoice - Head Office,No,1222.56,1222.56,1832142,EC27381722,The Vedanta Way Ltd
2026-04-25,5509116547,Credits - Head Office,Yes,33.54,-33.54,1832142,,The Vedanta Way Ltd
2026-04-25,9335382324,Invoice - Head Office,No,852.63,852.63,1832142,EC27476813,The Vedanta Way Ltd
2026-04-25,9335382325,Invoice - Head Office,No,78.28,78.28,1832142,RECEC27381722,The Vedanta Way Ltd
2026-04-26,5509117422,Credits - Head Office,Yes,228.9,-228.9,1832142,,The Vedanta Way Ltd
2026-04-26,5509117423,Credits - Head Office,Yes,27.48,-27.48,1832142,,The Vedanta Way Ltd
2026-04-27,7335013040,Credits - Head Office,Yes,31.5,-31.5,1832142,,The Vedanta Way Ltd
2026-05-02,9335387400,Invoice - Head Office,No,265.35,265.35,1832142,EC27514404,The Vedanta Way Ltd
2026-05-04,7335013140,Credits - Head Office,Yes,46.78,-46.78,1832142,,The Vedanta Way Ltd
2026-05-09,9335392153,Invoice - Head Office,No,181.21,181.21,1832142,EC27728076,The Vedanta Way Ltd
2026-05-09,9335392154,Invoice - Head Office,No,1928.34,1928.34,1832142,EC27634266,The Vedanta Way Ltd
2026-05-10,5509140318,Credits - Head Office,Yes,28.02,-28.02,1832142,,The Vedanta Way Ltd
2026-05-12,9335393294,Invoice - Head Office,No,553.55,553.55,1832142,EC27735992,The Vedanta Way Ltd
2026-05-16,9335397148,Invoice - Head Office,No,957.86,957.86,1832142,EC27805698,The Vedanta Way Ltd
2026-05-17,5509152438,Credits - Head Office,Yes,29.28,-29.28,1832142,,The Vedanta Way Ltd
2026-05-21,9335400364,Invoice - Head Office,No,15.72,15.72,1832142,EC28076796,The Vedanta Way Ltd
2026-05-21,9335400365,Invoice - Head Office,No,743.27,743.27,1832142,EC27923838,The Vedanta Way Ltd
2026-05-23,9335402182,Invoice - Head Office,No,47.34,47.34,1832142,EC28158962,The Vedanta Way Ltd
2026-05-23,9335402183,Invoice - Head Office,No,1070.01,1070.01,1832142,EC28076920,The Vedanta Way Ltd
2026-05-24,5509163610,Credits - Head Office,Yes,43.91,-43.91,1832142,,The Vedanta Way Ltd
2026-05-25,9335402925,Invoice - Head Office,No,192.77,192.77,1832142,OFF DAY PRE-APPRO,The Vedanta Way Ltd
2026-05-28,9335404459,Invoice - Head Office,No,451.97,451.97,1832142,EC28170005,The Vedanta Way Ltd
2026-05-29,5509171622,Credits - Head Office,Yes,12.45,-12.45,1832142,,The Vedanta Way Ltd
2026-05-30,9335405724,Invoice - Head Office,No,652.55,652.55,1832142,EC28242718,The Vedanta Way Ltd
2026-06-02,9335406855,Invoice - Head Office,No,597.33,597.33,1832142,EC28284919,The Vedanta Way Ltd
2026-06-03,5509179085,Credits - Head Office,Yes,60.4,-60.4,1832142,,The Vedanta Way Ltd
2026-06-04,9335408810,Invoice - Head Office,No,1927.98,1927.98,1832142,EC28332128,The Vedanta Way Ltd
2026-06-06,9335410688,Invoice - Head Office,No,548.48,548.48,1832142,EC28382272,The Vedanta Way Ltd
2026-06-06,9335410689,Invoice - Head Office,No,17.26,17.26,1832142,EC28425502,The Vedanta Way Ltd
2026-06-08,5509187612,Credits - Head Office,Yes,6.76,-6.76,1832142,,The Vedanta Way Ltd
2026-06-09,9335411861,Invoice - Head Office,No,857.23,857.23,1832142,EC28425515,The Vedanta Way Ltd
2026-06-10,5509192184,Credits - Head Office,Yes,22.31,-22.31,1832142,,The Vedanta Way Ltd
2026-06-12,9335414440,Invoice - Head Office,No,546.61,546.61,1832142,EC28467565,The Vedanta Way Ltd
2026-06-13,5509199417,Credits - Head Office,Yes,61.15,-61.15,1832142,,The Vedanta Way Ltd
2026-06-13,9335415301,Invoice - Head Office,No,490.58,490.58,1832142,EC28548694,The Vedanta Way Ltd
2026-06-16,9335416453,Invoice - Head Office,No,414.87,414.87,1832142,EC28585892,The Vedanta Way Ltd
2026-06-17,5509204524,Credits - Head Office,Yes,29.88,-29.88,1832142,,The Vedanta Way Ltd
2026-06-20,9335420793,Invoice - Head Office,No,910.94,910.94,1832142,EC28629190,The Vedanta Way Ltd
2026-06-22,5509213946,Credits - Head Office,Yes,4.62,-4.62,1832142,,The Vedanta Way Ltd
2026-06-23,9335421925,Invoice - Head Office,No,106.83,106.83,1832142,EC28788394,The Vedanta Way Ltd
2026-06-23,9335421926,Invoice - Head Office,No,355.22,355.22,1832142,EC28737565,The Vedanta Way Ltd
2026-06-24,5509218710,Credits - Head Office,Yes,10.6,-10.6,1832142,,The Vedanta Way Ltd
2026-06-25,9335423979,Invoice - Head Office,No,208.73,208.73,1832142,EC28788556,The Vedanta Way Ltd
2026-06-26,5509223803,Credits - Head Office,Yes,10.11,-10.11,1832142,,The Vedanta Way Ltd
2026-06-30,7335014312,Credits - Head Office,Yes,84.29,-84.29,1832142,,The Vedanta Way Ltd
2026-06-30,9335427052,Invoice - Head Office,No,601.36,601.36,1832142,EC28899092,The Vedanta Way Ltd
2026-07-01,5509233216,Credits - Head Office,Yes,5.39,-5.39,1832142,,The Vedanta Way Ltd
2026-07-01,7335014339,Credits - Head Office,Yes,24.25,-24.25,1832142,,The Vedanta Way Ltd
2026-07-02,9335429024,Invoice - Head Office,No,729.72,729.72,1832142,EC28939252,The Vedanta Way Ltd
2026-07-03,5509236132,Credits - Head Office,Yes,14.86,-14.86,1832142,,The Vedanta Way Ltd
2026-07-07,9335432074,Invoice - Head Office,No,362.75,362.75,1832142,EC28983626,The Vedanta Way Ltd
2026-07-11,9335435845,Invoice - Head Office,No,737.09,737.09,1832142,EC29078285,The Vedanta Way Ltd
