Category,Subcategory,Brakes Code,Product,Invoice Net,Credit Net,Net,Lines
Plant-based milk,Plant cream / barista alternative,133687,Macphie Plant Based Crm Alternative 1x1L,877.1,22.86,854.24,43
Plant-based milk,Plant-based milk / barista drink,129803,Flora Professional Plant      8x1ltr,662.54,339,323.54,7
Plant-based milk,Plant-based milk / barista drink,113655,ALPRO Coconut For Professionals   1x1ltr,293.19,0,293.19,19
Plant-based milk,Plant-based milk / barista drink,128154,Alpro Soya Wholebean Unsweetened 8x1Ltr,252.1499999999999,0,252.1499999999999,13
Plant-based milk,Plant-based milk / barista drink,126335,Alpro Almond For Professionals  12x1ltr,209.27,0,209.27,9
Plant-based milk,Plant-based milk / barista drink,148578,Alpro Barista Oat          12x1ltr,224.99,22.89,202.1,11
Plant-based milk,Plant-based milk / barista drink,109618,Alpro Original Soya Sweetened       8x1L,176.13,0,176.13,13
Plant-based milk,Plant-based milk / barista drink,149369,Framptons Prof Oat Barista Drink 12x1ltr,146.63,0,146.63,8
Plant-based milk,Plant-based milk / barista drink,132776,Alpro Oat Barista Gluten Free    12x1ltr,153.09,21.81,131.28,8
Plant-based milk,Plant-based milk / barista drink,151969,MOMA Barista Professnl Oat 12x1ltr,127.13,0,127.13,7
Plant-based milk,Plant-based milk / barista drink,118560,Alpro Oat Drink                    1litr,125.79,0,125.79,9
Plant-based milk,Plant-based milk / barista drink,150143,Plenish Barista Oat         6x1ltr,121.04,0,121.04,6
Plant-based milk,Plant-based milk / barista drink,135454,Minor Figures Barista Oat     6x1ltr,103.77,0,103.77,8
Plant-based milk,Plant-based milk / barista drink,150144,Plenish Barista Almond          6x1ltr,99.58,0,99.58,5
Plant-based milk,Plant-based milk / barista drink,150142,Plenish Barista Soya        6x1ltr,96.44,0,96.44,5
Plant-based milk,Plant-based milk / barista drink,113654,ALPRO Soya For Professionals      1x1ltr,88.78,0,88.78,9
Plant-based milk,Plant-based milk / barista drink,132777,Alpro Oat No Sugars               8x1ltr,81.67,0,81.67,6
Plant-based milk,Plant-based milk / barista drink,150758,Glebe Farm Barista Coconut 6x1ltr,73.45,0,73.45,6
Plant-based milk,Plant-based milk / barista drink,152369,Alpro Oat Barista     8x1ltr,65.64,0,65.64,3
Plant-based milk,Plant-based milk / barista drink,113653,ALPRO Almond Drink Unsweetnd      1x1ltr,53.7,0,53.7,4
Plant-based milk,Plant-based milk / barista drink,150493,Glebe Farm Barista Almond Drink 6x1ltr,33.21,0,33.21,3
Plant-based milk,Plant-based milk / barista drink,128306,Oatly Oat Drink Barista Editn     6x1ltr,12.02,0,12.02,1
Plant-based milk,Plant-based milk / barista drink,150492,Glebe Farm Barista Soya Drink 6x1ltr,10.94,0,10.94,1
Plant-based milk,Plant-based milk / barista drink,188721,Glebe Farm Oat Barista Drink GF 6x1ltr,7.99,0,7.99,1
Plant-based milk,Plant-based milk / barista drink,134723,Arla Jord Oat Hemp Milk Altrn 6x1ltr,7.91,0,7.91,1
Plant-based milk,Plant-based milk / barista drink,26949,Alpro Soya Milk                 15x250ml,7.77,0,7.77,1
Alpro yoghurt,Alpro yoghurt,74858,Alpro Soya Alt Yogrt Dry Fre    6x4x125g,587.4399999999995,19.86,567.5799999999995,53
Alpro yoghurt,Alpro yoghurt,118561,Alpro Simply Plain                1x500g,439.1999999999998,0,439.1999999999998,53
Yoghurt & milk,Dairy milk,70325,Brakes Whole Milk (Blue)     RT  6x2.27L,3619.280000000002,110.7,3508.580000000003,137
Yoghurt & milk,Dairy yoghurt,114931,Wholesome Farms Greek Style Yogurt 1x5kg,1669.94,47.23999999999999,1622.7,66
Yoghurt & milk,Dairy yoghurt,148660,Ubley Low Fat Natural Yogurt      1x5kg,1211.15,74.12,1137.03,60
Yoghurt & milk,Dairy yoghurt,31526,Ubley Fruit N Crm Yogurt Mixd    12x150g,440.2600000000003,25.95,414.3100000000003,42
Yoghurt & milk,Dairy yoghurt,115794,Brake RT Organic Natural Yogurt   1x2kg,79.03999999999999,0,79.03999999999999,4
Yoghurt & milk,Dairy milk,74455,Org Whole Milk (Blue)               1x2L,73.03999999999999,0,73.03999999999999,2
Yoghurt & milk,Dairy yoghurt,103605,Coolicious Frozen Yoghurt  Mango 1x4ltr,61.94,0,61.94,2
Yoghurt & milk,Dairy yoghurt,103604,Coolicious FrzYoghurt Strawberry 1x4ltr,61.94,0,61.94,2
Yoghurt & milk,Dairy milk,70219,Brakes Whole Milk (Blue)      RT 1x2.27L,51.66,0,51.66,2
Yoghurt & milk,Dairy yoghurt,103603,Coolicious Frozen Yoghurt Plain 1x4ltr,37.98,0,37.98,1
Yoghurt & milk,Dairy yoghurt,74550,Brakes Low Fat Natural Yoghurt       2kg,31.08,0,31.08,1
Yoghurt & milk,Dairy yoghurt,31541,Ubley Natural Yogurt Low Fat     12x150g,23.6,0,23.6,2
Yoghurt & milk,Dairy yoghurt,15958,Yeo Natural Yogurt Organic       12x120g,20.7,0,20.7,2
Yoghurt & milk,Plant yoghurt (non-Alpro),134989,The CC Natural Coconut Yoghurt     1x1Kg,20.49,0,20.49,1
Yoghurt & milk,Dairy milk,134428,Arla Lactofree Whole Milk         1x1ltr,15.93,0,15.93,3
Yoghurt & milk,Dairy yoghurt,71955,Low Fat Natural Yoghurt          12x115g,11.99,0,11.99,2
Yoghurt & milk,Dairy yoghurt,71762,Yeo Organic Raspberry Yoghurt     12x80g,11.43,0,11.43,3
Yoghurt & milk,Dairy milk,78224,Wholesome Farms Skimmed Milk     6x2.27L,11.37,0,11.37,1
Yoghurt & milk,Dairy yoghurt,71766,Yeo Strawbry Yogurt Organic       12x80g,11.07,0,11.07,3
Yoghurt & milk,Dairy yoghurt,591867,Ubley Yogurt Mix Low Fat OC71954 12x115g,9.48,0,9.48,1
Yoghurt & milk,Dairy yoghurt,71954,Ubley Yogurt Mixed Low Fat       12x115g,9.06,0,9.06,1
Yoghurt & milk,Dairy yoghurt,115797,Brake Organic Strawberry Yogurt   1x2kg,7.7,0,7.7,1
Yoghurt & milk,Dairy milk,74454,Organic Semi-Skimmed Milk    1x2L,7.62,0,7.62,1
Yoghurt & milk,Dairy yoghurt,113713,Yeo Organic Mango & Vanill Yogurt 12x80g,7.26,0,7.26,2
Yoghurt & milk,Dairy milk,4515,Brakes Condensed Milk (47006)    1x397g,6.66,0,6.66,1
Yoghurt & milk,Dairy yoghurt,133503,Llaeth Mix Bio Live Yogurt       12x125g,5.61,0,5.61,1
Yoghurt & milk,Dairy milk,71155,Cravendale Fresh Whole Milk      1x2 ltr,3.02,0,3.02,1
Biscuits,Biscuits & cookies,146135,Walkers Assortd Biscuit Mini Pck 100x25g,1790.380000000001,0,1790.380000000001,48
Biscuits,Biscuits & cookies,135284,Nairns GF Choc Chip Biscuit Break 48x30g,935.32,0,935.32,37
Biscuits,Biscuits & cookies,5002473,Nairns Gluten Free Biscuits         1x48,870.7099999999999,33.54,837.17,29
Biscuits,Biscuits & cookies,26896,Walkers Shortbread Fingers       240x20g,522.3800000000001,52.77,469.6100000000001,10
Biscuits,Biscuits & cookies,1126,Walkers Shortbread Fingers         120x2,448.95,0,448.95,11
Biscuits,Biscuits & cookies,135285,Nairns GF Mixed Oat Biscuit Break 48x30g,414.3600000000001,0,414.3600000000001,20
Biscuits,Biscuits & cookies,118256,Crawfords Biscuits Minipack3       1x100,365.82,0,365.82,8
Biscuits,Biscuits & cookies,125279,Walkers Shortbread Gluten Free    60x30g,345.84,0,345.84,11
Biscuits,Biscuits & cookies,89987,Jacobs Biscuits For Cheese        1x800g,171.51,0,171.51,15
Biscuits,Biscuits & cookies,24192,Shortbread Rounds              1x200x11g,204.98,46.78,158.2,7
Biscuits,Biscuits & cookies,127716,Miller?'s Savoury Biscuit Selec   12x125g,88.24000000000001,0,88.24000000000001,5
Biscuits,Biscuits & cookies,85184,Brakes Digestive Rounds          12x300g,83.57999999999998,0,83.57999999999998,6
Biscuits,Biscuits & cookies,133542,Lotus Biscoff Smooth Spread      1x1.6kg,66.77000000000001,0,66.77000000000001,6
Biscuits,Biscuits & cookies,135304,McVities Tasties Digestives      12x300g,63.64,0,63.64,5
Biscuits,Biscuits & cookies,4618,Bronte Traditnl Minipack Assorted  100x2,35.98,0,35.98,1
Biscuits,Biscuits & cookies,122924,Meredith&Drew Biscuit Assort Minipk 4x25,33.98,0,33.98,2
Biscuits,Biscuits & cookies,18019,Lotus Caramelised Biscuits         1x300,28.5,0,28.5,2
Biscuits,Biscuits & cookies,85080,Paterson Trip Choc Giant Cookie     1x18,27.84,0,27.84,2
Biscuits,Biscuits & cookies,152261,Nairns GF Wholegrain Cracker      60x12g,25.76,0,25.76,2
Biscuits,Biscuits & cookies,17977,McVities Digestive Biscuits      12x360g,22.02,0,22.02,1
Biscuits,Biscuits & cookies,3097,Walkers Oatcake Refills Bisc      24x75g,16.33,0,16.33,2
Biscuits,Biscuits & cookies,116227,Nairns G/F Oat Cracker              1x60,12.81,0,12.81,1
Biscuits,Snack bars / biscuits,29070,Nakd Cashew Cookie Bar            18x35g,10.22,0,10.22,1
Drinks,Fruit juice,100243,Brakes The Juice Orange         12x1ltr,410.27,0,410.27,19
Drinks,Fruit juice,100244,Brakes The Juice Apple           12x1ltr,361.93,0,361.93,28
Drinks,Fruit juice,152434,The Juice Orange Blend          12x1ltr,258.85,0,258.85,14
Drinks,Fruit juice,89656,Brakes The Juice Orange         27x200ml,198.77,0,198.77,3
Drinks,Fruit juice,89657,Brakes The Juice Apple          27x200ml,178.96,0,178.96,4
Drinks,Fruit juice,129304,Ocean Spray Cranberry Classic    12x1ltr,156.72,0,156.72,9
Drinks,Fruit juice,26448,Brakes The Juice Cranberry         12x1L,124.91,0,124.91,7
Drinks,Water,84693,Priory F Still Water PET F/Cap  24x500ml,108.32,0,108.32,9
Drinks,Water,85099,Priory Falls Still Wat PET      30x330ml,103.89,0,103.89,4
Drinks,Fruit juice,136410,Sysco Prem Pressed Apple Juice   1x2.27L,58.59999999999999,0,58.59999999999999,4
Drinks,Water,128345,Evian Still Natural Mineral Water 8x1.5L,49.99,0,49.99,4
Drinks,Water,85100,Priory Falls Spark Water PET    30x330ml,59.92,25.68,34.24,3
Drinks,Soft drinks / cordial,87800,Bottlegreen Elderflower Cordial  6x500ml,33.96,0,33.96,2
Drinks,Water,705,H/Spring Still Water      24x330ml GLASS,30,0,30,1
Drinks,Water,126825,Coconut Water Natural        1x12x1Ltr,26.49,0,26.49,1
Drinks,Soft drinks / cordial,102622,Carters Star Lemonade             8x2ltr,25.46,0,25.46,2
Drinks,Water,84688,Priory Falls Spark Wat PET      24x500ml,21.78,0,21.78,1
Drinks,Fruit juice,128790,Kulana Pineapple Juice       1x12x1ltr,19,0,19,1
Drinks,Water,28625,Harrogate Spa Still Water F/Cap 24x500ml,14.52,0,14.52,1
Drinks,Water,23734,Hydrolife British Water Flatcap 24x500ml,14.01,0,14.01,2
Drinks,Fruit juice,150982,Ocean Spray Cranberry Pink 12x1ltr,12.99,0,12.99,4
Drinks,Soft drinks / cordial,104268,Carters Diet Lemonade             8x2ltr,12.73,0,12.73,2
Drinks,Fruit juice,100246,Brakes The Juice Grapefruit      12x1ltr,81.22999999999999,70.24,10.98999999999999,3
Drinks,Water,25585,Strathmore Still Water Glass    12x750ml,10.79,0,10.79,1
Drinks,Water,101584,Evian Mineral Water              12x1ltr,9.35,0,9.35,1
Drinks,Soft drinks / cordial,591019,Schweppes Lemonade Slimli OC 19507 6x2lt,18.7,9.35,9.35,2
Drinks,Fruit juice,10287,Grapefruit Pink BB                  Each,8.55,0,8.55,1
Drinks,Soft drinks / cordial,151256,DaVinci Cloudy Lemonade Syrup     1x1ltr,7.62,0,7.62,1
Drinks,Water,21314,H/Spring Water Still PVC       12x1.5ltr,7.26,0,7.26,1
Drinks,Soft drinks / cordial,5001925,H Brompton Peach Iced Tea       12x500ml,0,0,0,1
Non-food,Catering disposables & cleaning,88315,Brks 3Ply 40cm White Napkin  2x250Cs,677.53,0,677.53,21
Non-food,Catering disposables & cleaning,84811,Duni White Napkin 33cm 2 ply      1x2000,498.3299999999999,0,498.3299999999999,12
Non-food,Catering disposables & cleaning,107389,24cm 2ply White Napkins  8x300,247.5,0,247.5,4
Non-food,Catering disposables & cleaning,145942,Duni Napkins 2ply 40x40cm White    5x300,171.34,0,171.34,3
Non-food,Catering disposables & cleaning,591066,Napkin White 2ply 24cm OC107389  8x300ea,169.32,0,169.32,2
Non-food,Catering disposables & cleaning,5024792,Sysco Class Napkin 2ply 40cm White 6x100,156.06,0,156.06,5
Non-food,Catering disposables & cleaning,21957,Wrapmaster Cling Film Refill 3x45cmx300m,132.53,0,132.53,3
Non-food,Catering disposables & cleaning,149522,Black Nitrile Gloves Lrg GL897L    1x100,126.97,18.76,108.21,16
Non-food,Catering disposables & cleaning,122912,Blue Nitrile Gloves Lg GN90L       1x200,92.91,0,92.91,6
Non-food,Catering disposables & cleaning,86520,Blue X Large Vinyl Glove Pwd GD11XL1x100,89.63000000000001,0,89.63000000000001,15
Non-food,Catering disposables & cleaning,132654,Flat Tape Handle Paper Bag Medium  1x250,87.36,0,87.36,5
Non-food,Catering disposables & cleaning,104446,DUNI White 3ply Napkin 40cm        8x125,81.63,0,81.63,2
Non-food,Catering disposables & cleaning,149521,Black Nitrile Gloves Med GL897M    1x100,90.03999999999999,9.38,80.66,12
Non-food,Catering disposables & cleaning,88308,Brks White 2ply Napkin 40cm 2x300,75.48,0,75.48,2
Non-food,Catering disposables & cleaning,107642,Sysco Class 2Ply Centrefeed Wipe Blue1x6,65.04,0,65.04,3
Non-food,Catering disposables & cleaning,122911,Blue Nitrile PF Glove Med GN90M    1x200,62.04,0,62.04,5
Non-food,Catering disposables & cleaning,86406,Blue piping Bag 18in 1x100 Sp BAGS   001,48.14,0,48.14,3
Non-food,Catering disposables & cleaning,5028955,Napkin Premium 3Ply 40cm White    10x100,47.51,0,47.51,1
Non-food,Catering disposables & cleaning,591184,Sponge Scourer OC 125122          1x10ea,47.31999999999999,0,47.31999999999999,6
Non-food,Catering disposables & cleaning,85549,Large Clear Vinyl Gloves Pwd GD47L 1x100,46.81,0,46.81,6
Non-food,Catering disposables & cleaning,104466,Vinyl Gloves Blue PF X large GD13XL1x100,46.71,0,46.71,6
Non-food,Catering disposables & cleaning,89798,Northwood C/Fd Blue Wipe 2pl 200s 80m1x6,45.04,0,45.04,2
Non-food,Catering disposables & cleaning,125122,Sponge Scourer                      1x10,45.01000000000001,0,45.01000000000001,6
Non-food,Catering disposables & cleaning,118983,Dissolve A Way Shelf Life Label CE 1x250,43.44,0,43.44,2
Non-food,Catering disposables & cleaning,555634,"Removable ShelfLife Label 4x2"" CE 1x500""",43,0,43,2
Non-food,Catering disposables & cleaning,136254,Poppies Napkin White 4F 2ply 40cm 1x2000,40.53,0,40.53,1
Non-food,Catering disposables & cleaning,591194,Green Sponge Scour Hgrip OC125148 1x10ea,39.09999999999999,0,39.09999999999999,3
Non-food,Catering disposables & cleaning,89840,Galvan Heavy Duty Scourer 828/40    1x10,37.74,0,37.74,4
Non-food,Catering disposables & cleaning,21199,Wrapmaster Film Refill 45cmx500m   2x1Ea,37.22,0,37.22,1
Non-food,Catering disposables & cleaning,29587,Rubber Gauntlet Gloves 17in GI/104   1x1,33.96,0,33.96,1
Non-food,Catering disposables & cleaning,88289,Brakes White 2ply Napkin 33cm 2x300,33.25,0,33.25,3
Non-food,Catering disposables & cleaning,85547,Vinyl Gloves Clear Med  Pwd GD47M  1x100,31.24000000000001,0,31.24000000000001,5
Non-food,Catering disposables & cleaning,5028950,Poppies Napkin 2ply 32cm White    16x125,31.02,0,31.02,1
Non-food,Catering disposables & cleaning,86519,Blue Large Vinyl Gloves Pwd GD11L  1x100,30.84,0,30.84,5
Non-food,Catering disposables & cleaning,118681,Wrapmaster Compact Dispenser  1x1,21.16,0,21.16,1
Non-food,Catering disposables & cleaning,8932,Small Blue Vinyl Glove Pwdr GD11S 1x100,19.76,0,19.76,3
Non-food,Catering disposables & cleaning,132840,Reliance Disposable Apron Flatpack 1x100,19.41,0,19.41,1
Non-food,Catering disposables & cleaning,5024794,Sysco Class Napkin 3ply 40cm White 10x50,19.36,0,19.36,1
Non-food,Catering disposables & cleaning,129637,Wrapmaster baking parchment 30cmx35m 1x3,19.22,0,19.22,1
Non-food,Catering disposables & cleaning,135837,Wrapmaster PE Film Refill 30cmx300mx3,18.93,0,18.93,1
Non-food,Catering disposables & cleaning,20954,Blue Piping Bag 003 21inch         1x100,18.25,0,18.25,1
Non-food,Catering disposables & cleaning,89918,Swing Bin Liners  (600917)         1x100,18.17,0,18.17,5
Non-food,Catering disposables & cleaning,132839,Clear Vinyl Pwd Dis Glove XL GD47XL1x100,17.57,0,17.57,3
Non-food,Catering disposables & cleaning,132836,Clear Vinyl P/F Glove XL (GD09Xl) 1x100,17.57,0,17.57,2
Non-food,Catering disposables & cleaning,119330,Shield Blue Rubber Gloves Lrg GR03L 1x12,14.08,0,14.08,2
Non-food,Catering disposables & cleaning,104419,Brown Paper Bags 8.5in/215mm      1x1000,27.64,13.82,13.82,3
Non-food,Catering disposables & cleaning,125129,Broomhead Stiff 30cm Blue 1 x 1,12.51,0,12.51,1
Non-food,Catering disposables & cleaning,28091,Catering teatowel/glass cloth 1 x10,12.45,0,12.45,1
Non-food,Catering disposables & cleaning,89795,ExtraWide PE FoodWrap C/Film45cm 1x1roll,11.64,0,11.64,1
Non-food,Catering disposables & cleaning,108170,Catering Check Tea Towel            1x10,11.37,0,11.37,1
Non-food,Catering disposables & cleaning,89917,Pedal Bin Liners  (600817)         1x100,11.06,0,11.06,5
Non-food,Catering disposables & cleaning,15513,Migi Cling Film Cutter Box 30cmx300m x1,10.5,0,10.5,2
Non-food,Catering disposables & cleaning,29894,Checked Tea Towel                   1x10,9.93,0,9.93,1
Non-food,Catering disposables & cleaning,86518,Blue Medium Vinyl Gloves Pwd GD11M 1x100,9.58,0,9.58,2
Non-food,Catering disposables & cleaning,113142,25mm Allergen Label Soy Beans CE  1x1000,9.39,0,9.39,2
Non-food,Catering disposables & cleaning,557622,1L SaveOrServe Comp Bottle Green CE  1x1,8.38,0,8.38,1
Non-food,Catering disposables & cleaning,136490,Shield Probe Wipes Disinfectant    1x200,8.04,0,8.04,1
Non-food,Catering disposables & cleaning,123777,Vegan Label Roll 1000 CE             1x1,7.9,0,7.9,2
Non-food,Catering disposables & cleaning,132714,GN65XL Clear Vnyl Glove XLrg PF 1x100,7.29,0,7.29,1
Non-food,Catering disposables & cleaning,119329,Shield Blue Rubber Gloves Med GR03M 1x12,13.48,6.39,7.090000000000001,3
Non-food,Catering disposables & cleaning,132868,Disposable Apron (Flat Packed) 1x100,6.99,0,6.99,1
Non-food,Catering disposables & cleaning,110711,First Aid Alcohol Free Wipes       1x100,6.54,0,6.54,1
Non-food,Catering disposables & cleaning,125128,Scrubbing Broom Head blue 30cm 1 x 1,6.04,0,6.04,1
Non-food,Catering disposables & cleaning,557626,1L SaveOrServe Comp Bottle Yellow CE 1x1,6.04,0,6.04,1
Non-food,Catering disposables & cleaning,591152,Gluten Free Label Rll CE OC123781 1x1000,4.02,0,4.02,1
Non-food,Catering disposables & cleaning,150916,DayOfWeek Label Satday 25x25mm CE 1x1000,1.94,0,1.94,1
Non-food,Catering disposables & cleaning,150917,DayOfWeek Label Sunday 25x25mm CE 1x1000,1.94,0,1.94,1
Non-food,Catering disposables & cleaning,150909,DayOfWeek Label Monday 25x25mm CE 1x1000,1.94,0,1.94,1
Non-food,Catering disposables & cleaning,123042,500ml Eye Wash Bottle Sterile        1x1,1.65,0,1.65,1
Non-food,Catering disposables & cleaning,150908,1 inchround DKDOW Sunday Label CE 1x1000,1.43,0,1.43,1
Non-food,Catering disposables & cleaning,85526,White Paper Bags 8.5x8.5in W88    1x1000,13.24,13.24,0,2
Other food,Other food,135327,Tofoo Co Organic Naked Tofu        1x1kg,5991.859999999998,31.32,5960.539999999998,90
Other food,Other food,110930,Paneer Cheese                      900g,4153.6,0,4153.6,65
Other food,Other food,67485,Delifrance Vegan Croissant (19401)  1x56,2261.170000000001,43.98,2217.190000000001,55
Other food,Other food,100535,Brakes Pure Maple Syrup           1x620g,1878.96,70.38,1808.58,44
Other food,Other food,85753,KTC Vegetable Cooking Oil        1x20ltr,1778.34,0,1778.34,42
Other food,Other food,127622,Beyond Meat Vegan Burger   1x40,1746.03,0,1746.03,19
Other food,Other food,136997,Beyond Meat Beyond Mince   1x4kg,1755.66,36.99,1718.67,30
Other food,Other food,129927,Sysco ClassicOlive Pomace Oil Blend 5ltr,1664.109999999999,0,1664.109999999999,68
Other food,Other food,74046,Sysco Classc Grtd Mild Whte Cheddr 5x1kg,1613.47,0,1613.47,30
Other food,Other food,74088,Unsalted Butter   (70055)        20x250g,1395.090000000001,80.59,1314.500000000001,34
Other food,Other food,6437,Sysco Classic Chop Toms in Juice   2.5kg,1280.560000000001,0,1280.560000000001,44
Other food,Other food,151872,Global Hacienda Avocado Halves     1x1kg,1309.72,54.9,1254.82,37
Other food,Other food,117887,Ethanol Chafing Gel 2.5hr           1x12,1105.22,10.94,1094.28,18
Other food,Other food,131778,McCain OC Hash Browns              1x1kg,1055.86,2.99,1052.87,27
Other food,Other food,149957,Meadowland Double 1x1ltr,1050.370000000001,0,1050.370000000001,56
Other food,Other food,30925,Brake Rosti Potato Fritters          1kg,1107.73,113.6,994.1300000000002,24
Other food,Other food,4300,LaBo Naan Bread                 24x100g,993.7099999999997,0,993.7099999999997,42
Other food,Other food,111313,Roasted Red Peppers              1x2.5kg,1044.08,60.4,983.68,30
Other food,Other food,115072,Amoy Coconut Milk               12x400ml,964.3199999999999,0,964.3199999999999,15
Other food,Other food,134491,Greek Feta Cheese                 1x900g,923.7600000000001,0,923.7600000000001,30
Other food,Other food,149906,Elda Ricotta Cheese 1x1.5kg,875.1900000000002,11.37,863.8200000000002,32
Other food,Other food,78252,Brake Butter Portions              6x100,842.5800000000002,0,842.5800000000002,22
Other food,Other food,119648,Market Mix Olives (whole)   1x1kg,778.1099999999999,22.02,756.0899999999999,38
Other food,Other food,563,Brakes Haricot Beans               1x3kg,743.1999999999998,0,743.1999999999998,20
Other food,Other food,118225,Black Turtle Bean in Water       1x2.5kg,741.4299999999998,0,741.4299999999998,28
Other food,Other food,11127,Unsalted Butter                  40x250g,715.5899999999999,0,715.5899999999999,11
Other food,Other food,75805,Wholesome Farms HF Greek Style Yog 1x5kg,687.6800000000001,0,687.6800000000001,15
Other food,Other food,2041,LaBo Double Chocolate Doughnuts    1x40,612.05,0,612.05,15
Other food,Other food,127121,Coconut Milk CASE               12x400ml,553.99,0,553.99,13
Other food,Other food,71250,Goats Cheese Log                   1x1kg,540.02,0,540.02,21
Other food,Other food,4111,Brake Fruits Of The Forest Mix       1kg,570.4200000000001,35.8,534.6200000000001,20
Other food,Other food,119105,Mango Pulp                        1x850g,521.43,0,521.43,21
Other food,Other food,33385,Diced Mango                        1x1kg,508.9199999999998,0,508.9199999999998,35
Other food,Other food,134323,Sysco Classic Vegan Mayonnaise  1x5L,461.5899999999999,0,461.5899999999999,28
Other food,Other food,27544,Sysco Classc Grt Mild White Cheddr 1x1kg,457.2,0,457.2,13
Other food,Other food,149914,Granarolo Grtd Italian Hrd Chse 1x500g,456.79,0,456.79,27
Other food,Other food,132404,Chick Peas in Water  1x2.5kg,452.6999999999999,0,452.6999999999999,17
Other food,Other food,129464,Brakes Vegan Brownie                1x30,452.1,0,452.1,5
Other food,Other food,21856,Prep Premium Toasted Sesame Oil   1x1ltr,442.5899999999999,0,442.5899999999999,18
Other food,Other food,71731,Brake Mature Ched Cheese Slice    1x500g,422.8600000000001,0,422.8600000000001,26
Other food,Other food,74699,Brake Essentials Grated White Cheese 1kg,418.69,0,418.69,14
Other food,Other food,130709,Halloumi                          6x750g,462.15,46.07,416.08,9
Other food,Other food,4764,Brake Broad Beans                  2.5kg,412.1700000000002,0,412.1700000000002,29
Other food,Other food,148602,Redefine Plant Premium Burger 4x8x140g,461.92,49.99,411.93,8
Other food,Other food,71256,Brake Mild Cheddar Chese Slice    1x500g,411.41,0,411.41,27
Other food,Other food,135232,Bridor Vegan RTB Orange HNut Crown  1x48,410.1100000000001,0,410.1100000000001,13
Other food,Other food,19510,CHL Flora Portions               200x10g,390.98,0,390.98,14
Other food,Other food,35379,Brakes Tortilla Chips            14x475g,422.8899999999999,32.03,390.8599999999999,15
Other food,Other food,555338,Rational Cleaner Tablets Red       1x100,390.17,0,390.17,3
Other food,Other food,3840,Brake Whole Spinach Portion      1x2.5kg,399.6300000000002,13.14,386.4900000000002,39
Other food,Other food,135419,Sheese Mature Cheddar Slice Vegan    1kg,393.88,12.02,381.86,28
Other food,Other food,134490,Butlers of Lanc Cheese Selection    650g,380.92,0,380.92,9
Other food,Other food,149038,DrSchar GF & V White Sandwich Loaf   1x6,375.3200000000001,0,375.3200000000001,14
Other food,Other food,591136,Kalamata Olives Whole OC 119645    1x1kg,374.83,0,374.83,21
Other food,Other food,33386,Blackberries                       1x1kg,397.19,22.55,374.64,15
Other food,Other food,26719,Real Crisps Sea Salt              48x35g,398.98,24.9,374.08,7
Other food,Other food,4381,LaBo 10 Flour Tortillas           4x18,366.19,0,366.19,15
Other food,Other food,18421,G V Dairy Full Fat Soft Cheese 1x2kg,382.67,17.56,365.11,17
Other food,Other food,133966,PG Tips Envelopes                 1x1000,362.8,0,362.8,7
Other food,Other food,101767,Mission 12in Wheatbran Tortillas  1x4x18,360.72,0,360.72,13
Other food,Other food,5010628,Global Hacienda Avocado Slices    1x500g,352.8200000000001,0,352.8200000000001,14
Other food,Other food,74048,Sysco Classc Mat White Cheddar Grt 5x1kg,351.55,0,351.55,7
Other food,Other food,152151,Sysco Classic Sweetcorn in Water 12x340g,350.58,0,350.58,15
Other food,Other food,15514,Migi EWide Cling Film45cmx300 32C13  1x1,347.6199999999999,0,347.6199999999999,16
Other food,Other food,13381,Red Kidney Beans in water 1x2.5kg,344.04,0,344.04,15
Other food,Other food,135584,Sysco Classic 2 Ply Blue Centrefeed  1x6,343.9400000000001,0,343.9400000000001,20
Other food,Other food,4599,Sysco Essential Garden Peas      1x2.5kg,363.2700000000001,19.85,343.4200000000001,36
Other food,Other food,135231,Bridor Vegan RTB Vanilla HNut Crown 1x48,341.52,0,341.52,10
Other food,Other food,87045,Olive Pomace Oil            1x5L,357.65,17.92,339.73,15
Other food,Other food,22053,Sysco Classc Mozz Shredded Cheese  1x2kg,366.31,27.72,338.59,11
Other food,Other food,33348,Sysco Essential Thick Cut Chip  4x2.27kg,337.43,0,337.43,15
Other food,Other food,10317,Kp Ready Salted                 1x48pckt,388.55,51.96,336.59,7
Other food,Other food,18419,G V Dairy Natural Cottage Cheese 1x2kg,333.1999999999999,0,333.1999999999999,22
Other food,Other food,130608,Brakes Berries Cocont & Seed Toppr 1x1kg,320.6100000000001,0,320.6100000000001,22
Other food,Other food,10515,SyscoCls 2Ply BlueCentrfd 300sht120m 1x6,318.58,0,318.58,19
Other food,Other food,526841,Set Soured Cream                   1x1kg,322.0700000000001,4.62,317.45,47
Other food,Other food,71035,Halloumi Cheese                   4x250g,315.4999999999999,0,315.4999999999999,10
Other food,Other food,28326,Sysco Classic Tomato Paste 1x800g (KC1),314.6400000000002,0,314.6400000000002,20
Other food,Other food,508,Cadbury Drinking Chocolate         1x5kg,313.5,0,313.5,8
Other food,Other food,187060,Cocont Col Double Cream  6x400g,307.8,0,307.8,13
Other food,Other food,124867,Kikkoman Tamari G/F Soy Sauce     1x1Ltr,312.27,5.61,306.66,14
Other food,Other food,115344,Brakes Pure Clear Honey           6x454g,303.2,0,303.2,9
Other food,Other food,4301,Brakes Puff Pastry Squares 13cm     1x96,321.34,21.66,299.6799999999999,14
Other food,Other food,150992,Ardo Green Asparagus Spears        1x1kg,288.72,0,288.72,9
Other food,Other food,74090,GVD American Style Cream Cheese 1x2kg,285.77,0,285.77,7
Other food,Other food,136533,Ardo Oven Dried Tomatoes           1x1kg,284.4,0,284.4,10
Other food,Other food,3761,Sysco Clss Mozz & Cheddar Chse Mix 3x1kg,284.4,0,284.4,2
Other food,Other food,133240,Clear Polypropylne Food Cont 9ltr CE 1x1,283.86,0,283.86,5
Other food,Other food,591017,GV Dairy Cheese Soft FFat OC 18421 1x2kg,353.7199999999999,70.8,282.9199999999999,10
Other food,Other food,150850,Lyles Maple Syrup               1x2.80kg,278.25,0,278.25,16
Other food,Other food,148781,Global Hacienda Soya Beans         1x1kg,278.2099999999999,0,278.2099999999999,20
Other food,Other food,135233,Bridor Vegan RTB Cherry Crown       1x48,269.1900000000001,0,269.1900000000001,8
Other food,Other food,136769,Beechdean Clotted Cream Ice Cream 1x5ltr,265.71,0,265.71,7
Other food,Other food,591254,Rational Cleaner Tabl Red OC555338 1x100,263.18,0,263.18,2
Other food,Other food,555874,Rational Care Tablets Blue         1x150,262.98,0,262.98,2
Other food,Other food,120625,Levanto HRD Veg Cheese Shave       1x1kg,258.23,0,258.23,12
Other food,Other food,308,Brakes Granulated Sugar           1x25kg,257.94,0,257.94,8
Other food,Other food,115400,Kelloggs Coco Pops Bag Pak        4x500g,255.05,0,255.05,12
Other food,Other food,134002,Perfect British Cheeseboard       6x155g,274.67,25.05,249.62,8
Other food,Other food,87722,Black Ex Heavy Duty Sacks (PB114)  1x100,246.28,0,246.28,8
Other food,Other food,5946,Sysco Classic Cornflour         1x3.5kg,251.9,8.1,243.8,20
Other food,Other food,119645,Kalamata Olives (Whole)            1x1kg,239.5400000000001,0,239.5400000000001,14
Other food,Other food,301,Brakes Caster Sugar               1x25kg,234.36,0,234.36,7
Other food,Other food,127124,Sweetcorn in Water        12x340g,234.3,0,234.3,3
Other food,Other food,148838,Valdigrano Lasagne               12x500g,228.34,0,228.34,16
Other food,Other food,126923,Tinned Jackfruit                 1x2.8kg,227.14,0,227.14,6
Other food,Other food,5952,Brakes Dried Chick Peas            1x3kg,223.75,0,223.75,10
Other food,Other food,4760,Sysco Classic Whole Green Beans  1x2.5kg,222.46,0,222.46,11
Other food,Other food,151084,Flora Plant Butter Unsalted 24x200g,222.21,0,222.21,8
Other food,Other food,21357,Black Sack Compactor (P B111) 100x1,220.4,0,220.4,6
Other food,Other food,109628,White Quinoa                       1x1kg,216.36,0,216.36,6
Other food,Other food,128101,Cauldron Tofu                     6x396g,256.86,40.94,215.92,8
Other food,Other food,5222,Sysco Ess 4in Unseeded Baps(28372)  1x48,212.76,0,212.76,11
Other food,Other food,136748,Sysco Lemon Juice                 1x1ltr,219.7800000000001,9.55,210.23,25
Other food,Other food,34503,McCain MS Sweet Potato Fries     4x2.5kg,279.92,69.98,209.94,4
Other food,Other food,33891,Sysco Classic Self Raising Flour 1x25kg,204.78,0,204.78,8
Other food,Other food,133102,Mobile Storage Container & Lid 60ltr 1x1,203.15,0,203.15,2
Other food,Other food,129229,15cm 6in GF Soft Blue Corn Tortilla 6x24,222.48,23.03,199.45,10
Other food,Other food,60585,"Flatstone 11 Pizza Base            1x18""",197.96,0,197.96,2
Other food,Other food,135682,Carte Dor Vegan Choc Mousse Mix   3x300g,197.17,0,197.17,9
Other food,Other food,120075,Nescafe Original Decaff Stick   800x1.2g,195.09,0,195.09,4
Other food,Other food,350101,Tate & Lyle Icing Sugar            1x3kg,192.53,0,192.53,19
Other food,Other food,112159,Kerrymaid Double             1 x 1 litre,191.68,0,191.68,8
Other food,Other food,71268,Sysco Classic Mat White Ched Grate 1x1kg,191.04,0,191.04,6
Other food,Other food,84472,Tilda Arborio Risotto Rice         1x5Kg,206.4,16.05,190.35,13
Other food,Other food,71128,Brake Saltd Dairy Butter (70055) 20x250g,188.6,0,188.6,2
Other food,Other food,244,Sysco Class  Plum Toms in Juice 1x2.55kg,188.36,0,188.36,7
Other food,Other food,74075,Applewood Cheese                   1.5kg,184.3,0,184.3,9
Other food,Other food,150423,5 Bean Salad in Water             1x800g,182.2,0,182.2,14
Other food,Other food,5552,Solid Pack Apples    1x2.6kg(KC3),181.64,0,181.64,10
Other food,Other food,23198,Capricorn Goats Chese (Smrset)    6x100g,181.45,0,181.45,10
Other food,Other food,151032,Schwartz Cracked Black Pepper 1x380g,180.77,0,180.77,15
Other food,Other food,106616,Pinguin Supersweet Sweetcorn      1x10kg,173.1,0,173.1,7
Other food,Other food,132992,GN 1/1 S/S Gastronorm - 20cm deep 1x1,171.52,0,171.52,2
Other food,Other food,136830,Redefine Plnt Bratwurst Sausage 10x100g,171.21,0,171.21,3
Other food,Other food,14780,Migi Baking Parchment  45cmx75m    1x1,171.12,0,171.12,5
Other food,Other food,136475,Sysco ESS GF Vegan Choc Truff Torte 1x14,169.8,0,169.8,3
Other food,Other food,127162,Meridian Light Tahini CASE        6x454g,168.42,0,168.42,5
Other food,Other food,85120,Sysco Cooking Salt          1x3kg,165.99,0,165.99,13
Other food,Other food,31817,LaBo Banqueting Roll Selection      3x25,165.46,0,165.46,5
Other food,Other food,4768,Sysco Cauliflower Florets 30-70mm  2.5kg,165.18,0,165.18,10
Other food,Other food,113349,Mini Filled Churros (caramel)   1x1.4kg,164.04,0,164.04,1
Other food,Other food,149229,Doughboys Pizza Base 12in        25x210g,163.64,0,163.64,2
Other food,Other food,126682,Duerrs Peanut Butter Crunchy     1x2.5kg,162.79,0,162.79,7
Other food,Other food,591022,Mars Xtra Ice Cream Bar OC32371   1x24ea,159.92,0,159.92,2
Other food,Other food,15775,Brake Monterey Jack Slices         1x1kg,156.16,0,156.16,5
Other food,Other food,151289,Arla Pro Gouda Cheese Slices 1x1kg,155.77,0,155.77,10
Other food,Other food,57840,Broccoli Florets 20-40mm         4x2.5kg,155.46,0,155.46,3
Other food,Other food,32200,Sysco Cl Dairy Vanilla & Pods I/Crm 1x4L,154.2,0,154.2,3
Other food,Other food,86874,Vanilla Essence                  1x500ml,153.88,0,153.88,9
Other food,Other food,53880,Sysco Classic 12in Flour Tortillas  4x18,153.82,0,153.82,4
Other food,Other food,136360,Marigold Engevita Yeast Flakes    1x100g,167.58,15.96,151.62,13
Other food,Other food,1202,Brakes Peach Slice Syrup   1x2.6kg (KC3),146.88,0,146.88,5
Other food,Other food,268,Brakes Seedless Raisins            1x3kg,146.51,0,146.51,7
Other food,Other food,34031,Brakes Demerara Sugar Stick       1x1000,146.38,0,146.38,14
Other food,Other food,150802,Wildfarmed Sliced Sour Wht Bloomer 8x800,145.94,0,145.94,4
Other food,Other food,33947,Sysco Premium Petit Pois           1.5kg,144.76,0,144.76,15
Other food,Other food,123366,Honeybuns GF Choc Pecan Caram TBake  1x1,144.52,0,144.52,3
Other food,Other food,114231,Pears BB                      1x8   Pack,144,0,144,1
Other food,Other food,135120,Veg Lemon GF Tart                 12x75g,143.36,0,143.36,1
Other food,Other food,150845,Bite Churros Filled Cocoa Cream  1x1.7kg,141.7,0,141.7,3
Other food,Other food,149528,Just Live Raisin Almond Granola    4x2kg,141.44,0,141.44,6
Other food,Other food,88887,Ex Virgin Olive Oil       1x5ltr,141.23,0,141.23,3
Other food,Other food,33559,Sysco Classic Plain Flour         1x25kg,140.05,0,140.05,7
Other food,Other food,71026,Greek Feta Cheese                  2x1kg,138.99,0,138.99,3
Other food,Other food,255,Sysco Classic Desiccated Coconut  1x2kg,137.46,0,137.46,7
Other food,Other food,85788,El Paso Taco Shells              10x260g,136.02,0,136.02,6
Other food,Other food,152606,Magnum Vegan Almond 90ml            1x20,135.45,0,135.45,2
Other food,Other food,133974,Radnor Still 100% Pure Aple Jce 60x125ml,134.72,0,134.72,4
Other food,Other food,149944,Sysco Classic Cous Cous            1x1kg,134.24,0,134.24,15
Other food,Other food,152761,Light Tahini 1x270g,132.72,0,132.72,5
Other food,Other food,24762,Fairtrade Demerera Sugar Sticks   1x1000,132,0,132,5
Other food,Other food,103171,Maggi Coconut Milk Powder          1x1kg,130.73,0,130.73,6
Other food,Other food,136749,Sysco Lime Juice                1x1ltr,130.7,0,130.7,16
Other food,Other food,86647,Baking Parch Refill45cmx50m(cs)21C32 1x3,129.71,0,129.71,4
Other food,Other food,5012635,DiLecce Pitted Kalam Olives 1x3kg,159.88,31.89,127.99,5
Other food,Other food,133965,Sheese Original Spread            6x255g,127.31,0,127.31,8
Other food,Other food,9698,Brakes Sliced Green Jalepeno       1x3kg,125.39,0,125.39,18
Other food,Other food,2141,Brakes Clear Honey              1x3.17kg,125.39,0,125.39,6
Other food,Other food,152056,Unearthed Pitted Blck Olive  1x3.8kg,125.14,0,125.14,7
Other food,Other food,134280,Riso Gallo Arborio Risotto Rice   1x1kg,124.2,0,124.2,5
Other food,Other food,188476,Glebe Farm Porridge Oats GF      1x5kg,141.6,17.7,123.9,6
Other food,Other food,104628,British Cheese Board      1x840g,121.62,0,121.62,5
Other food,Other food,136364,Crepe Cuis Vegan Pancake Americn 120x40g,121.22,0,121.22,2
Other food,Other food,4793,Brake Sliced Mixed Peppers         1.5kg,120.93,0,120.93,9
Other food,Other food,5874,Sysco Classic  Flaked Almonds      1x1kg,119.77,0,119.77,5
Other food,Other food,118708,Diced Butternut Squash 20mm BB     1x1kg,118.9,0,118.9,2
Other food,Other food,21512,Clr Sack Ref H/Duty 18x29x38(PC202)1x200,118.4,0,118.4,3
Other food,Other food,6039,Brakes Green Lentils               1x3kg,118.39,0,118.39,8
Other food,Other food,148819,Violife Mat Cheddar Flav Grated 1x500g,118.11,0,118.11,16
Other food,Other food,15785,Caterer Butter Beans            1x2.55kg,117.24,0,117.24,3
Other food,Other food,33828,Brake 9in Thin & Crispy Pizza Base  1x36,163.24,46.64,116.6,9
Other food,Other food,134020,Vegan Mixed Berry Injected Muffin   1x30,115.02,0,115.02,3
Other food,Other food,127344,Brakes Vegan Carrot & Pistachio T/C 1x18,113.36,0,113.36,2
Other food,Other food,152188,Extons Mild Cheddar Slices         1x1kg,112.37,0,112.37,4
Other food,Other food,4762,Sysco Classic Cut Beans            2.5kg,112.3,0,112.3,11
Other food,Other food,5003095,BlueDragon Extr Firm Silken Tofu 12x308g,112.01,0,112.01,3
Other food,Other food,100262,Extra Virgin Olive Oil    1x2ltr,111.63,0,111.63,6
Other food,Other food,129923,Tyrrells Veg Crisps               24x40g,111.42,0,111.42,4
Other food,Other food,149035,DrSchar GF & V Brioche Burger Bun   1x24,111.35,0,111.35,4
Other food,Other food,470655,Callebaut 70% Dark Choc Callet   1x2.5Kg,110.48,0,110.48,2
Other food,Other food,149958,Kuhne Pickld Dill Gherkn Slices 1x2.45kg,109.71,0,109.71,8
Other food,Other food,146186,Sysco Classic Straight Macaroni 5kg,116.76,7.77,108.99,12
Other food,Other food,85910,Callebaut Dark Choc Callets      1x2.5kg,108.12,0,108.12,2
Other food,Other food,151770,Sysco Classic Green Beans X Fine 1x2.5kg,107.22,0,107.22,6
Other food,Other food,350102,Tate & Lyle Light Brown Soft Sugar 1x3kg,106.85,0,106.85,4
Other food,Other food,133195,GN 1/2 Poly Container - 20cm deep 1x1 CE,106.74,0,106.74,1
Other food,Other food,151763,Kingsmill 50/50 Thck Sliced Bread 8x800g,106.56,0,106.56,3
Other food,Other food,129918,Tyrrells Lightly Sea Salt Crisps    1x24,106.34,0,106.34,5
Other food,Other food,134991,Banquet Dor Apple Pie           1x1.25kg,106.22,0,106.22,4
Other food,Other food,151762,Kingsmill 50/50 Med Sliced Bread  8x800g,106.12,0,106.12,3
Other food,Other food,135180,Global Hacienda Green Asparagus      1kg,105.13,0,105.13,4
Other food,Other food,132835,RTB Vegan Raspberry Croissant     44x90g,104.88,0,104.88,4
Other food,Other food,85128,Sweetcorn                 1x2.1kg,104.72,0,104.72,5
Other food,Other food,119646,Nocellara Olives (Whole)           1x1kg,104.22,0,104.22,6
Other food,Other food,136539,Quaker Oat Raisin Granola        10x500g,103.65,0,103.65,5
Other food,Other food,126489,Violife Orig Flavour Grated       4x500g,103.19,0,103.19,5
Other food,Other food,152602,Dark Belgian Couverture Choc  1x2.5kg,100.63,0,100.63,3
Other food,Other food,36037,Brakes Capers in Brine          1x2kg,100.02,0,100.02,7
Other food,Other food,19839,Sysco Classic Chopped Tomato in Jce 800g,98.16,0,98.16,5
Other food,Other food,33592,Sysco Classic Oregano             1x100g,97.41999999999997,0,97.41999999999997,16
Other food,Other food,33351,Sysco Essential Medium Cut Chip 4x2.27kg,96.72,0,96.72,3
Other food,Other food,132615,PlantNation Vegan Grated Cheese    1x1Kg,96.25,0,96.25,6
Other food,Other food,127135,Blue Dragon Firm SilkenTofu CASE 12x349g,95.88,0,95.88,3
Other food,Other food,450531,Apples Red Large BB             1x8 Pack,94,0,94,1
Other food,Other food,132721,Curtis Chia Seeds                 1x450g,96.57999999999998,2.58,93.99999999999999,10
Other food,Other food,4748,Brake Broccoli Florets 40/60       1x2kg,93.96,0,93.96,6
Other food,Other food,124992,Vegan Mozzarella                  4x500g,93.88,0,93.88,2
Other food,Other food,350099,Demerara Sugar (106064)            1x3kg,93.53999999999999,0,93.53999999999999,3
Other food,Other food,4198,LaBo Chota Naan                    1x30,91.76999999999998,0,91.76999999999998,5
Other food,Other food,129002,The Meatless Farm Company Burger 36x113g,91.14,0,91.14,1
Other food,Other food,133540,KTC Gram Flour                     1x2kg,90.92,0,90.92,4
Other food,Other food,130434,LaBo 4in Vegan Potato Burger Bun    1x45,90.83000000000001,0,90.83000000000001,3
Other food,Other food,151123,Freshlock Sweetcorn Cobettes BB      1x6,90.6,0,90.6,4
Other food,Other food,324,Plain Chocolate Drops              1x3kg,89.38,0,89.38,3
Other food,Other food,134293,Sysco Classic Cracked Black Pepper 425g,89.24000000000001,0,89.24000000000001,7
Other food,Other food,152058,Unearthed Pttd Green Olive       1x3.8kg,88.94000000000001,0,88.94000000000001,5
Other food,Other food,149765,DWBH Donut The Belgiyummy           1x24,88.92,0,88.92,1
Other food,Other food,132995,White Metal Sack Holder 44x37x86cm 1x1,88.79,0,88.79,1
Other food,Other food,132671,Applewood Smoky Vegan Slices      1x200g,88.68,0,88.68,10
Other food,Other food,33829,Brake 12in Thin & Crispy Pizza Base 1x18,88.64999999999999,0,88.64999999999999,4
Other food,Other food,149762,DWBH Donut Caramazing               1x24,88.5,0,88.5,2
Other food,Other food,100222,Sysco Plain Flour                1x16kg,88.22000000000001,0,88.22000000000001,8
Other food,Other food,110079,Snack Essent Salted Cashews        1x1kg,88.07999999999998,0,88.07999999999998,4
Other food,Other food,112832,Frozen Sliced Goats Cheese(20g)   1x500g,86.66000000000001,0,86.66000000000001,3
Other food,Other food,111309,Rice Flour                       1x1.5kg,86.52,0,86.52,8
Other food,Other food,135420,Sheese Mozzar Style Grated Vegan     1kg,86.50999999999999,0,86.50999999999999,2
Other food,Other food,71734,Anchor Butter Portions Size 7      5x100,86.24,0,86.24,2
Other food,Other food,5007485,Gnocchi      3x1kg,84.9,0,84.9,3
Other food,Other food,152966,Vegan Vanilla with Pod Ice Cream  1x5ltr,84.84,0,84.84,2
Other food,Other food,123367,Honeybuns GF Cinder Toffee Traybake  1x1,84.5,0,84.5,2
Other food,Other food,113734,Schar Ciabatta Roll GF 1000030402 6x200g,84.42,0,84.42,4
Other food,Other food,133678,Dr Oetker Cocoa Powder             1x1kg,84.1,0,84.1,2
Other food,Other food,5026266,Dr.Oetker Prof Madagscn Van Extr 1x500ml,83.57,0,83.57,3
Other food,Other food,470977,Marshalls Macaroni 3Kg           1 X 3Kg,82.46000000000002,0,82.46000000000002,8
Other food,Other food,118890,Quaker Oats GF Original Porridge  5x510g,96.06,13.74,82.32000000000001,7
Other food,Other food,145986,Bridor Fully Baked Pain au Choc   20x70g,82.2,0,82.2,3
Other food,Other food,118844,Pipers Crisps Anglesey Sea Salt   24x40g,93.81,11.99,81.82000000000001,5
Other food,Other food,33889,Olive Oil                 1x2ltr,81.25999999999999,0,81.25999999999999,2
Other food,Other food,136568,Beyond Meat Stack Burger 60x76g,79.84,0,79.84,1
Other food,Other food,152189,Extons Mature Cheddar Slices       1x1kg,78.47,0,78.47,6
Other food,Other food,114969,Brake Swiss Style Muesli           4x2kg,100.75,22.31,78.44,6
Other food,Other food,121752,Sysco Classic Sweet Potato Fries 4x2.5kg,78.18,0,78.18,1
Other food,Other food,70215,Brake Double Cream Fresh  RT    1x2.27L,77.91,0,77.91,4
Other food,Other food,136157,Ardo Avocado Halves                1x1kg,77.88,0,77.88,2
Other food,Other food,25148,Osprio Porridge Oats               1x2kg,77.63000000000001,0,77.63000000000001,9
Other food,Other food,151083,Flora Plant Btter Salted 24x200g,76.08,0,76.08,3
Other food,Other food,150520,Wildfarmed Sourdough Seeded Bloomer  1x8,75.88,0,75.88,2
Other food,Other food,126646,Lazy Lemon Juice                1x1ltr,75.84,0,75.84,4
Other food,Other food,146174,Sysco Classic Penne Pasta  1x5kg,75.11,0,75.11,5
Other food,Other food,4266,Sysco Classic Extra Thin Fries   4x2.5kg,74.56,0,74.56,1
Other food,Other food,33585,Sysco Classic Paprika Pepper  1x480g,74.25000000000001,0,74.25000000000001,7
Other food,Other food,151834,LaBo Shokupan Glazed Burger Bun     1x48,72.74,0,72.74,2
Other food,Other food,5012467,Ardita Italian LaPolpa Chop Tom 6x2.5kg,72.2,0,72.2,2
Other food,Other food,104070,Kraft Sandwich Wedge 60mm 1x500,72.12,0,72.12,2
Other food,Other food,4794,Brake Diced Mixed Peppers (Rd/Grn) 1.5kg,71.50999999999999,0,71.50999999999999,3
Other food,Other food,121379,Sysco Classic Table Salt (33706)   1x6kg,71.34,0,71.34,7
Other food,Other food,18422,GVD Set Soured Cream   1x2kg,71.14999999999999,0,71.14999999999999,3
Other food,Other food,5007221,McDougalls Vgn Strwbry Flv Jelly 1x1.4kg,70.9,0,70.9,3
Other food,Other food,4782,Sysco Classic Sweetcorn         2.5kg,70.72999999999999,0,70.72999999999999,4
Other food,Other food,86515,Hairnet Blue          1x100,70.7,0,70.7,6
Other food,Other food,591137,Nocellara Olives Whole OC 119646   1x1kg,70.59,0,70.59,5
Other food,Other food,150803,Wildfarmed Slcd Sour Seed Bloomer 8x800g,70.21,0,70.21,2
Other food,Other food,149763,DWBH Donut Queen V                  1x24,114.2,44.25,69.95,3
Other food,Other food,10729,Sunblaze Sundried Tomato In Veg Oil1x1kg,69.81,0,69.81,4
Other food,Other food,521115,Yamas Greek Feta                  1x900g,69.59,0,69.59,2
Other food,Other food,135789,HMCC Red Velvet Mini Cakes          1x18,69.36,0,69.36,2
Other food,Other food,28797,Opie Sliced Gherkins             1x2.3kg,69.13000000000001,0,69.13000000000001,7
Other food,Other food,152601,Milk Belgian Couverture Choc 1x2.5kg,68.96,0,68.96,2
Other food,Other food,350157,Sysco Squeezy Clear Honey 1x680g,67.97,0,67.97,5
Other food,Other food,150519,Wildfarmed Sourdough White Bloomer   1x8,67.62,0,67.62,2
Other food,Other food,5024241,Barbera Extra Virgin Olive Oil    1x5Ltr,67.24,0,67.24,2
Other food,Other food,135418,Sheese Mat Cheddar Grated Vegan      1kg,67.23,0,67.23,4
Other food,Other food,8796,Brakes Pecan Nuts                  1x1kg,67,0,67,3
Other food,Other food,149497,Stute Raspberry Seeedless Jam NAS 6x430g,66.98,0,66.98,4
Other food,Other food,5001729,Sysco Classic Vegan Mayonnaise   1x10ltr,66.86,0,66.86,3
Other food,Other food,124869,Garofalo G/F Penne Pasta          1x400g,66,0,66,8
Other food,Other food,350103,Dark Brown Soft Sugar (106063)     1x3kg,65.97,0,65.97,5
Other food,Other food,3894,Sysco Classic Medium Cut Chips   6x2.5kg,65.87,0,65.87,2
Other food,Other food,74582,Brakes Whole Mini Camembert       6x125g,91.99999999999999,26.33,65.66999999999999,8
Other food,Other food,551,Brakes Yellow Split Peas           1x3kg,65.24,0,65.24,6
Other food,Other food,150943,Beechdean Classic Vanilla Ice Cream 1x5l,64.94,0,64.94,2
Other food,Other food,124886,Cheddar Cheese Arran Oak Smkd     1x200g,64.35000000000001,0,64.35000000000001,8
Other food,Other food,152372,Prepared Banana Leaves BB        1x500g,63.92,0,63.92,3
Other food,Other food,75350,LATBRI Cows Milk Mozz Ball       12x125g,63.76000000000001,0,63.76000000000001,2
Other food,Other food,130799,Brake Vegan Vanilla Frozen Dessert  1x4L,63.72,0,63.72,5
Other food,Other food,134019,Vegan Double Choc Injected Muffin   1x30,63.64,0,63.64,1
Other food,Other food,129454,LaBo Vegan Slcd Brioche Style Bun 1x45,63.39999999999999,0,63.39999999999999,3
Other food,Other food,149768,Birds Eye Mini Potato Waffles     1x918g,63.2,0,63.2,2
Other food,Other food,119260,Ardo Quinoa                        1x1kg,63.2,0,63.2,3
Other food,Other food,117489,LaBo Sliced Sourdough Loaf           1x8,62.92,0,62.92,2
Other food,Other food,135220,Brake Vegan Chocolate Ice Cream   1x4ltr,62.74,0,62.74,4
Other food,Other food,149881,Kidderton Ash Goats Cheese 9x150g,62.73999999999999,0,62.73999999999999,2
Other food,Other food,12718,Brake Salted Dairy Butter 70041  40x250g,62.49,0,62.49,1
Other food,Other food,133979,Sun Pat Crunchy Peanut Butter      3x1kg,61.89,0,61.89,3
Other food,Other food,56374,"12 Large White Khobez Bread        1x60""",61.53,0,61.53,3
Other food,Other food,71129,Sysco Clas Mild White Cheddar min 4.75kg,61.38,0,61.38,2
Other food,Other food,10545,Mushrooms Portabello PK            1.5kg,75.36,13.98,61.38,4
Other food,Other food,127153,Mikado Rice Vinegar CASE         6x500ml,61.3,0,61.3,5
Other food,Other food,89782,Brakes Blanched Almonds            1x1kg,61.04,0,61.04,2
Other food,Other food,60885,CC White Petit Pain                 1x50,60.8,0,60.8,2
Other food,Other food,5011992,Olympus FETA PDO Cheese           1x900g,60.72,0,60.72,2
Other food,Other food,34415,Penne Rigate                     4x2.5kg,60.53,0,60.53,2
Other food,Other food,133191,GN 1/2 Poly Container - 15cm deep 1x1 CE,59.96,0,59.96,1
Other food,Other food,71003,Brie (Whole 60%)   522705          1x3kg,59.75,0,59.75,2
Other food,Other food,111707,LaBou 10in BarMarkd Flour Tortillas 4x18,59.72,0,59.72,5
Other food,Other food,151766,Kingsmill W/Meal Med Sliced Bread 8x800g,59.6,0,59.6,4
Other food,Other food,146259,British Mixed Bby Plum Tomatoes PK 1x5kg,59.42,0,59.42,2
Other food,Other food,5000093,"3.5 Glazed Burger Bun 50g          2x21""",58.93,0,58.93,3
Other food,Other food,4305,Jus-Rol Filo Pastry 500g             1x8,58.88,0,58.88,1
Other food,Other food,145917,Heinz Vegan Mayonnaise              5Ltr,58.59,0,58.59,4
Other food,Other food,33325,Blueberries                   1x1kg,58.14,0,58.14,2
Other food,Other food,117855,Mini Fresh Goats Cheese Log       6x125g,58.05,0,58.05,5
Other food,Other food,71447,Cornish Yarg (Ind)                   1kg,58.02,0,58.02,2
Other food,Other food,149997,Sysco Cl Vegan Apple Crumble Tart   1x18,115.96,57.98,57.98,2
Other food,Other food,125668,LaBo Vegan Brioche Styl Burger Bun45x80g,57.87,0,57.87,2
Other food,Other food,10678,Fresher Red/Fat Cocoa Pwdr        1x500g,57.42,0,57.42,2
Other food,Other food,71819,Arla Pro Slcs Mature White Chedar 1x1kg,56.68,0,56.68,4
Other food,Other food,135270,British Crisp Co Sea Salt         36x40g,55.85,0,55.85,2
Other food,Other food,121832,Mackies Mdagascn Vanilla IceCrm  1x5L,55.71,0,55.71,1
Other food,Other food,115494,OMJ Apple Tang                  27x288ml,55.56,0,55.56,1
Other food,Other food,74897,Salad Cheese                        400g,55.34,0,55.34,4
Other food,Other food,521851,Yamas Halloumi     10x250g,55.14,0,55.14,2
Other food,Other food,33599,Sysco Classiic Std Curry Powder 1x500g,54.95,0,54.95,2
Other food,Other food,450706,Tomatoes Speciality PK             1x3kg,54.36,0,54.36,1
Other food,Other food,26941,Brakes Golden Syrup Poly  7.26kg,54.26,0,54.26,2
Other food,Other food,149039,DrSchar GF & V Seeded Sandwich Loaf  1x6,54.2,0,54.2,2
Other food,Other food,71776,G V Dairy Soft Cheese Low Fat 1x2kg,53.97,0,53.97,1
Other food,Other food,131602,Violife Original Sliced          1x200g,53.96,0,53.96,6
Other food,Other food,133391,12 Piece Poly Piping Nozzle Set 1x1 CE,53.59,0,53.59,1
Other food,Other food,118169,Edamame Beans in pods       1x1kg,53.28,0,53.28,3
Other food,Other food,149599,Lion Dijon Mustard              1x2.27lt,53.24,0,53.24,4
Other food,Other food,86027,Brakes Balsamic Vinegar           1x2ltr,53.09,0,53.09,5
Other food,Other food,149597,Dr Oetker Prof GF Baking Powder   1x500g,53.09,0,53.09,6
Other food,Other food,33606,Sysco Fine Cut Marmalade       1x2.72kg,52.87,0,52.87,6
Other food,Other food,151188,St/St Gastronorm Pan 1/3 100mm Deep  1x1,52.14,0,52.14,1
Other food,Other food,149786,McD Jelly Crystals Strwberry Vgn 1x3.5kg,52.09,0,52.09,2
Other food,Other food,71508,Brake Quartr Blue Stiltn Apx    RT 2.0kg,51.76,0,51.76,2
Other food,Other food,150756,Foraged Shredded Mushroom Meat BB 1x500g,51.22,0,51.22,5
Other food,Other food,136235,This Isn?'t Beef Burger    20x113g,50.97,0,50.97,1
Other food,Other food,10404,Cauliflower Prepared Floret BB     2.5kg,50.96,0,50.96,1
Other food,Other food,88446,Standard Centre Feed Dispenser       1x1,101.92,50.96,50.96,3
Other food,Other food,3625,"LaBo Sesame Seed Bun 5            1x48""",50.41999999999999,0,50.41999999999999,4
Other food,Other food,151209,St/St Gastronorm Pan 1/3 40mm Deep   1x1,50.39,0,50.39,2
Other food,Other food,85293,Sysco Classic Whole Blk Peppercorns 1kg,49.88,0,49.88,2
Other food,Other food,89780,Brakes Chopped Apricots            1x3kg,49.8,0,49.8,2
Other food,Other food,135118,Veg Caramel & Choc GF Tart        12x85g,49.65,0,49.65,1
Other food,Other food,129274,Brakes Cooking & Baking       24x250g,49.3,0,49.3,2
Other food,Other food,5018944,Mild Melt Grated Analogue Cheese 1x2kg,48.9,0,48.9,2
Other food,Other food,5002323,Sysco Classic Extr Virgn OliveOil 1x5ltr,48.8,0,48.8,1
Other food,Other food,1622,Sysco CLassic Cashew Kernels    1x1Kg,48.73,0,48.73,2
Other food,Other food,20704,Scotblock Choc Drops Milk          1x3kg,48.66,0,48.66,1
Other food,Other food,105854,Lucky Boat Noodle No.1             1x9kg,48.51,0,48.51,2
Other food,Other food,71004,Paysan Breton Le Brie              1x1kg,48.05,0,48.05,5
Other food,Other food,10844,Sysco Classic Pumpkin Seeds       1x430g,48,0,48,3
Other food,Other food,128315,Flat Rice Noodles                210x50g,47.94,0,47.94,1
Other food,Other food,5000543,Arla Large Shred Mozzarella        1x2kg,47.48,0,47.48,1
Other food,Other food,127211,Violife Prosociano VG Wedge       1x150g,47.46,0,47.46,6
Other food,Other food,35014,Sysco Classic Cayenne Pepper    1x450g,46.97,0,46.97,3
Other food,Other food,151146,J20 Mocktail Stra Org Bl Mojito 12x250ml,46.92,0,46.92,1
Other food,Other food,111263,Sysco Classic Tortilla Wraps 8in    12x8,46.7,0,46.7,3
Other food,Other food,115409,Walkers Ready Salted            32x32.5g,46.5,0,46.5,1
Other food,Other food,343,Glendelight                       1x1ltr,46.09,0,46.09,3
Other food,Other food,134289,Sysco Classic Smoked Paprika  1x450g,46.08,0,46.08,7
Other food,Other food,149492,Ariel Prof Formula Pro Plus Pwdr 1x6.5kg,45.92,0,45.92,2
Other food,Other food,57033,LaBo 4.5in Seeded Burger Bun        1x48,45.45,0,45.45,4
Other food,Other food,450386,Loaf White Thick               6xEach PK,45.34,0,45.34,3
Other food,Other food,130610,Brakes Nut Fruit & Seed Topper     1x1kg,45.3,0,45.3,5
Other food,Other food,136148,Carrot Wedges PK                 1x2.5kg,51.92,6.76,45.16,4
Other food,Other food,71005,Brie Portions 50%                 6x180g,44.97,0,44.97,1
Other food,Other food,4115,Greens Branded Blackcurrants         1kg,44.94,0,44.94,1
Other food,Other food,5002508,Redefine Plant based Flank Stk 6x2x100g,44.7,0,44.7,1
Other food,Other food,131165,Whole Black Sesame seed           1x650g,44.03,0,44.03,4
Other food,Other food,29379,Brakes Honey Portions            100x20g,43.95,0,43.95,3
Other food,Other food,10143,Red Kidney Beans     1x800g (KC1),43.8,0,43.8,2
Other food,Other food,33487,LaBo Malted Wheat Petit Pain 40g   1x100,43.38,0,43.38,2
Other food,Other food,34020,Brakes Self Raising Flour         1x10kg,43.38,0,43.38,2
Other food,Other food,124560,Ardo Honey Glazd Rsting Parsnips 1x2.5kg,43.26,0,43.26,2
Other food,Other food,86905,Black Lrg H/Duty Refuse (P B107)  1x200,43.18,0,43.18,1
Other food,Other food,33515,LaBo Thick Grain Farmhouse Tin Loaf  1x8,42.9,0,42.9,1
Other food,Other food,114956,Freeby Plain White Flour GF        5x1kg,42.74,0,42.74,4
Other food,Other food,450654,Sweet Potato Diced BB              1x1kg,42.7,0,42.7,1
Other food,Other food,450382,Loaf Brown Thick               6xEach PK,42.59999999999999,0,42.59999999999999,4
Other food,Other food,151553,Plain Cookie Mix                   3.5kg,42,0,42,2
Other food,Other food,133196,GN 1/2 Poly Cont Drop On Hard Lid 1x1 CE,41.34,0,41.34,1
Other food,Other food,134489,Butlers Brit Trio Cheeseboard     6x155g,41.29,0,41.29,2
Other food,Other food,136755,Judes Stickbar Salted Caramel PB 20x80ml,40.58,0,40.58,1
Other food,Other food,114204,Beans Fine PK                    1x1.5kg,40.28,0,40.28,2
Other food,Other food,135345,Stute NAS Fine Orange Marmalade   6x430g,40.22000000000001,0,40.22000000000001,3
Other food,Other food,114962,Soft Light Brown Sugar 2104 CASE 10x500g,40.16,0,40.16,1
Other food,Other food,151022,Hazlemere Cider Vinegar 1x5ltr,40.06999999999999,0,40.06999999999999,6
Other food,Other food,136145,Ice Club Ice Cubes               5x1.8kg,39.78,0,39.78,5
Other food,Other food,136321,Sun Pat Smooth Peanut Butter      6x400g,39,0,39,2
Other food,Other food,121806,Clipper FTrade Org Peppermint En   1x250,38.94,0,38.94,2
Other food,Other food,27543,Sysco Classc Grtd Col Mild Cheddar 1x1kg,37.98,0,37.98,4
Other food,Other food,134915,LaBo Handcrafted Sourdough Roll     1x40,37.98,0,37.98,1
Other food,Other food,62320,Panier Ham & Cheese                 1x40,37.72,0,37.72,1
Other food,Other food,5002325,Sysco Essentials Pomace Oil 1x5ltr,37.72,0,37.72,1
Other food,Other food,22383,Somerset Brie                        1kg,37.7,0,37.7,3
Other food,Other food,10163,Sysco Classc Mozz & Cheddar Grate  1x1kg,37.68,0,37.68,2
Other food,Other food,133531,Violife Greek White         1x200g,37.65000000000001,0,37.65000000000001,3
Other food,Other food,568,Brakes Semolina                    1x3kg,37.61,0,37.61,3
Other food,Other food,145935,LaBo 8in White Khobez bread         20x5,37.58,0,37.58,1
Other food,Other food,152088,St/St Gastronorm Pan 1/3 - 65mm Deep 1x1,37.52,0,37.52,1
Other food,Other food,151774,Sysco Classic Slice Mixed Pepper 1x2.5kg,37.52,0,37.52,2
Other food,Other food,5003752,Carisma Nacho Cheese Jalapno Peppr 1x1kg,37.4,0,37.4,1
Other food,Other food,134012,Brake Vegan Stick Toffee Pudding    1x16,36.84,0,36.84,1
Other food,Other food,33595,Sysco Classic Rubbed Thyme        1x210g,36.72,0,36.72,7
Other food,Other food,74153,Brakes Margarine                     2kg,36.49,0,36.49,6
Other food,Other food,130803,Brake Vegan Choc Fudge Cake Pre-Cut 1x16,36.28,0,36.28,1
Other food,Other food,5154,Brakes Ground Almonds              1x1kg,36.12,0,36.12,1
Other food,Other food,89921,PG Tips Envelope Tea Bags          1x200,36.05,0,36.05,3
Other food,Other food,146211,Lurpak Unsalted Butter    20x200g,35.99,0,35.99,1
Other food,Other food,460609,Puff Pastrysheet 23 X15 (302538) 12x625G,35.78,0,35.78,1
Other food,Other food,130633,Moving Mountains Vegan Sausage   1x2kg,35.7,0,35.7,1
Other food,Other food,87011,Sysco Classic Cinnamon Sticks  1x170g,35.68,0,35.68,4
Other food,Other food,152077,Noels Gherkins Sliced Dill 1x2.45kg,35.62,0,35.62,3
Other food,Other food,123351,LaBo 4in Soft White Mini Tacos     24x12,35.34,0,35.34,1
Other food,Other food,5010675,"Sysco Ess 4 Brioche Styl Burger Bun1x48""",35.19,0,35.19,1
Other food,Other food,148550,Sysco C GF Vegan ChocOrange Brownie 2x15,34.99,0,34.99,1
Other food,Other food,105881,Kelloggs Coco Pops               10x295g,34.91,0,34.91,1
Other food,Other food,33583,Sysco Classic Ground Ginger       1x400g,45.87,11.22,34.65000000000001,8
Other food,Other food,129228,"15cm (6) GF Soft Corn Tortilla     6x24""",34.54,0,34.54,2
Other food,Other food,119103,Dried Porcini Mushrooms           1x500g,34.34,0,34.34,1
Other food,Other food,32731,LaBo Chocolate Twist                1x48,34.19,0,34.19,1
Other food,Other food,100168,Sysco Classic Sliced Mushrooms 2.65kg,34.08,0,34.08,2
Other food,Other food,5000101,Slicd Malted Sour Bloomer 14mm 5x1.575kg,34.05,0,34.05,1
Other food,Other food,53264,Mackies Traditional Dairy Ice Cream 5ltr,33.98,0,33.98,1
Other food,Other food,5010676,"Sysco Ess 4.5 FB Potato Burger Bun 1x48""",33.98,0,33.98,1
Other food,Other food,130753,Pronto Mushroom Risotto            1x1kg,33.9,0,33.9,1
Other food,Other food,3243,Sysco Classic Sweetcorn     1kg,33.76,0,33.76,5
Other food,Other food,23348,Mascarpone                        1x500g,33.66,0,33.66,3
Other food,Other food,71063,Gnocchi                              3kg,33.36,0,33.36,1
Other food,Other food,127129,Brakes Artichoke Hearts  CASE    12x390g,33.18,0,33.18,1
Other food,Other food,34018,Brakes Plain Flour    1x10kg,32.68,0,32.68,1
Other food,Other food,149913,Latbri Mozzarella Speciale Pizza 1x1kg,32.58,0,32.58,1
Other food,Other food,88427,Tetley Decaf DfwString Envelopes 6x25,32.5,0,32.5,3
Other food,Other food,126653,Coconut Creamed (KTC)          12x200g,32.45,0,32.45,2
Other food,Other food,135399,Golden Chef Salted Tortilla Chip 12x300g,32.31,0,32.31,2
Other food,Other food,153389,Seeded Rye Bread                 14x500g,32.1,0,32.1,1
Other food,Other food,71839,Arla Pro Slices Mild White Cheddar 1x1KG,31.95,0,31.95,1
Other food,Other food,124230,Black Compactor Sack (P B116)  1x100,31.88,0,31.88,2
Other food,Other food,89781,Sysco Classic Chopped Dates        1x3kg,31.88,0,31.88,2
Other food,Other food,113345,Millac Gold Single Cream          1x1ltr,31.84,0,31.84,2
Other food,Other food,105129,Beetroot Longlife BB              1x500g,31.57,0,31.57,3
Other food,Other food,71925,Sysco Class Triple Chese Pizza Blend 1kg,63,31.5,31.5,3
Other food,Other food,150844,Bite Churros Filled Caramel Crm  1x1.7kg,31.38,0,31.38,1
Other food,Other food,12085,Broccoli PK                          6kg,31.3,0,31.3,1
Other food,Other food,111396,Sysco Premium Fresh Orange     1x2.27ltr,30.94,0,30.94,2
Other food,Other food,15764,Pit Cherries in Syrup             1x810g,30.9,0,30.9,3
Other food,Other food,134433,CD Space Runner Rocket Ice Lollies  1x30,30.87,0,30.87,1
Other food,Other food,150564,Large Portobello Mushrooms PK    1x1.5kg,30.78,0,30.78,2
Other food,Other food,113100,La Bo Artisan Sourdough Seeded Loaf  1X4,30.73,0,30.73,2
Other food,Other food,150304,Hellmanns Vegan Mayonnaise         1x2lt,30.66,0,30.66,2
Other food,Other food,591101,Tabasco Sauce OC 115054          12x57ml,30.59,0,30.59,1
Other food,Other food,5000100,Slcd White Sour Bloomer 14mm     5x1.4kg,30.52,0,30.52,1
Other food,Other food,127137,Brakes Balsamic Vinegar CASE    12x500ml,30.52,0,30.52,1
Other food,Other food,113099,La Bo Artisan Sourdough loaf         1x4,30.44,0,30.44,2
Other food,Other food,2341,Sysco Classic Button Mushroom    1x2.5kg,30.42,0,30.42,1
Other food,Other food,129273,Brakes Cooking & Baking       36x250g,30.3,0,30.3,1
Other food,Other food,87846,Natural Vanilla Extract          1x500ml,30.2,0,30.2,2
Other food,Other food,126739,KTC Coconut Oil                   1x1ltr,30.18,0,30.18,4
Other food,Other food,132853,Stainless Steel Speed Peeler CE      1x1,30.12,0,30.12,2
Other food,Other food,5024251,Barbera EV Olive Oil Citrus Flav 6x250ml,29.94,0,29.94,1
Other food,Other food,129529,Reliance Blue assorted Plasters 1x150,29.71,0,29.71,4
Other food,Other food,149593,Burger Wrap Red 250x320mm      1x1000ea,29.58,0,29.58,1
Other food,Other food,148839,Valdigrano Tagliatelle Nest       8x500g,29.58,0,29.58,2
Other food,Other food,10513,Sysco Ess Blue Centerfeed 1ply 250m  1x6,29.57,0,29.57,2
Other food,Other food,133505,"White Rabbt glutn free pzza bse 10 1x15""",29.44,0,29.44,1
Other food,Other food,110777,LaBo GF Chocolate Brownie Traybake  1x12,29.36,0,29.36,1
Other food,Other food,74450,Brake Mature Cheddar Col Slice    1x500g,29.34,0,29.34,1
Other food,Other food,22724,Butter Beans       1xkc1/800g,29.28,0,29.28,1
Other food,Other food,10787,Borlotti Beans  1xKC1/800g,29.28,0,29.28,1
Other food,Other food,9802,Sys Clas Extend Life Rapeseed Oil  20ltr,28.89,0,28.89,1
Other food,Other food,152187,Extons Emmental Cheese Slices      1x1kg,28.76,0,28.76,1
Other food,Other food,86805,Sysco Classic Mint Sauce  1x2.27ltr,28.56,0,28.56,3
Other food,Other food,89849,Sysco Classic Cranberries    1x1kg,28.55,0,28.55,3
Other food,Other food,54300,Arran Dairies Natural Ice Cream 1x4.5ltr,28.5,0,28.5,1
Other food,Other food,112265,Bao (Hirata) Bun       2x30x50g,28.43,0,28.43,1
Other food,Other food,86516,Pal Hairnet White                  1x100,28.36,0,28.36,2
Other food,Other food,2351,Instant Dried Yeast               1x500g,28.3,0,28.3,4
Other food,Other food,114211,Chillies Jalepeno PK             1x1.5kg,28.23,0,28.23,1
Other food,Other food,32815,Brake Fruit of the Forest Compote 6x500g,28.14,0,28.14,1
Other food,Other food,30927,Brake 12 SSwt 1/2 Cut Corn Cobs 1x1.35kg,28.02,0,28.02,1
Other food,Other food,71917,Brakes Sliced Emmental              500g,27.96,0,27.96,1
Other food,Other food,152781,Black Victorinox Pastry Knife 26.5cm 1x1,27.93,0,27.93,1
Other food,Other food,133493,Dried Mixed Forest Mushrooms      1x500g,27.92,0,27.92,2
Other food,Other food,106727,Brakes Sliced Jalapeno Peppers     1x1kg,27.61,0,27.61,4
Other food,Other food,71950,Sysco Classc Mat Chedd Color Grate 1x1kg,27.32,0,27.32,1
Other food,Other food,67004,Dooneys Sugared Ring Doughnuts      1x72,27.14,0,27.14,1
Other food,Other food,149031,DrSchar GF & V Brown Rolls          1x30,26.92,0,26.92,1
Other food,Other food,146273,Mission Sourdough Pitta             24x5,26.78,0,26.78,1
Other food,Other food,135344,Stute NAS Strawberry Jam          6x430g,26.76,0,26.76,1
Other food,Other food,32259,LaBo Fully Baked Bakers Basket     4x20,26.7,0,26.7,1
Other food,Other food,183993,GF & Vegan White Rolls          65gx30,26.56,0,26.56,1
Other food,Other food,33326,Cranberries                        1x1kg,26.55,0,26.55,1
Other food,Other food,150523,Wildfarmed Burger Bun             45x80g,26.27,0,26.27,1
Other food,Other food,5825,Roasted Salted Peanuts             1x1kg,26.18,0,26.18,4
Other food,Other food,591908,Sasco Mayonnaise Vegan              5ltr,26.04,0,26.04,1
Other food,Other food,123349,LaBo 10in Beetroot & Chia Tortilla  4x18,25.91,0,25.91,1
Other food,Other food,125072,Judes Vegan Coconut Ice Cream     1x4ltr,25.91,0,25.91,1
Other food,Other food,88932,Brakes Wholegrain Mustard     1x2.27ltr,25.68,0,25.68,2
Other food,Other food,591900,The Tofoo Co. Tempeh            6x200g,25.62,0,25.62,1
Other food,Other food,148557,LaBo FB Sliced Sourdough Burger Bun 1x48,25.55,0,25.55,1
Other food,Other food,111361,BM Honey Mini Glass Jar           60x30g,25.41,0,25.41,1
Other food,Other food,152714,LaBo Rustic Focaccia             18x255g,25.41,0,25.41,1
Other food,Other food,33741,Brakes Strawberry Jam           1x2.72kg,25.32,0,25.32,2
Other food,Other food,16804,Brakes Easy Cook Long Grain Rice   1x5kg,25.18,0,25.18,1
Other food,Other food,100318,Hartleys Strawberry Jam Portions 100x20g,25.04,0,25.04,1
Other food,Other food,2911,Hartleys Assorted Jam Portions   100x20g,25.04,0,25.04,1
Other food,Other food,130790,Brake GF Vegan Chc Truf Brwnie Torte1x14,24.83,0,24.83,1
Other food,Other food,133980,Sun Pat Smooth Peanut Butter      3x1kg,24.76,0,24.76,1
Other food,Other food,134018,Vegan Lemon & Poppy Injected Muffin 1x30,24.62,0,24.62,1
Other food,Other food,4116,Brake Raspberries                   500g,24.53,0,24.53,2
Other food,Other food,89700,Brakes Brown Malt Vinegar        1x5ltr,24.44,0,24.44,1
Other food,Other food,151506,Maggi Coconut Milk Powder         6x300g,24.4,0,24.4,1
Other food,Other food,134511,Cooldelight Cool Twin Lollies 60ml  1x40,24.38,0,24.38,1
Other food,Other food,112761,Pretzel Burger Buns                 1x42,24.33,0,24.33,1
Other food,Other food,85290,Sysco Classic Cracked Black Pepper 1x1Kg,24.26,0,24.26,1
Other food,Other food,113265,Penny Loaves Mix Box                3x24,24.11,0,24.11,1
Other food,Other food,150305,Hellmanns Vegan Mayonnaise         1x5lt,40.47,16.48,23.99,3
Other food,Other food,85327,Clamshell Large 9X6in VA-SH89     1X200,23.99,0,23.99,1
Other food,Other food,71507,Brakes Blue Stilton Wedges     RT 6x150g,23.98,0,23.98,2
Other food,Other food,152075,Jumbo Carrots PK                  1x10kg,23.94,0,23.94,2
Other food,Other food,74453,Brakes Col Mild Ched Slices       1x500g,23.94,0,23.94,1
Other food,Other food,131420,Sysco Classic Sumac               1x500g,23.88,0,23.88,2
Other food,Other food,12876,Mcdougalls Dark Chocolate Chips  1x1.1kg,23.82,0,23.82,2
Other food,Other food,5023339,Calise Passion Red Croissant        1x40,23.68,0,23.68,1
Other food,Other food,151550,Just Love Vegan Choc Sponge          1x1,23.6,0,23.6,1
Other food,Other food,119509,Drivers Pickled Gherkins        1x2.25kg,23.59,0,23.59,3
Other food,Other food,85842,Sysco Classic Custard Powder     1x3.5kg,23.52,0,23.52,2
Other food,Other food,533,Brakes Long Grain Rice             1x3kg,23.52,0,23.52,2
Other food,Other food,107035,Maldon Sea Salt Tub              1x1.4kg,23.46,0,23.46,2
Other food,Other food,6082,Brakes Brown Lentils               1x3kg,23.46,0,23.46,1
Other food,Other food,146154,WeLoveCake GF Vegan Bakewell Tart 28x50g,23.39,0,23.39,1
Other food,Other food,186,Sysco Classic  Baked Beans 2.62kg (KC3),23.34,0,23.34,1
Other food,Other food,5627,Brakes Banana Chips                1x1kg,23.23,0,23.23,3
Other food,Other food,5001175,Fairy Prof Non Bio Laundry Powdr 1x5.5KG,23.1,0,23.1,1
Other food,Other food,147971,Sun Pat Crunchy Peanut Butter 6x400g,22.89,0,22.89,1
Other food,Other food,121808,Clipper Org Inf Lemon Ginger Env   1x250,22.89,0,22.89,1
Other food,Other food,34022,Brakes Assorted Jam Portions     100x20g,22.86,0,22.86,1
Other food,Other food,149911,Granarolo Parmigiano Reg Grate 1x1kg,46.86,24.04,22.82,3
Other food,Other food,591902,The Tofoo Co. Lightly Spice Pieces 2x1kg,547.86,525.12,22.74000000000001,6
Other food,Other food,148580,Freee GF Org Cornflakes Cereal    20x30g,22.74,0,22.74,2
Other food,Other food,5001165,Deepio Profes Degreaser Powder 5.5KG 1x1,22.74,0,22.74,1
Other food,Other food,33581,Sysco Classic Ground Cinnamon   1x450g,22.66,0,22.66,4
Other food,Other food,100171,Black Eye Beans   1xKC1/800g,22.61,0,22.61,2
Other food,Other food,450385,Loaf White Medium              6xEach PK,22.6,0,22.6,2
Other food,Other food,4442,Dr Oetker White Choc Drops         1x3kg,22.6,0,22.6,1
Other food,Other food,120202,LaBo Chapatti                       1x96,44.48,22.24,22.24,3
Other food,Other food,102078,Tilda Easy Cook Basmati Wild Rice  1x4kg,22.24,0,22.24,1
Other food,Other food,152274,Paclan Kitchn Liners Tall TieTop50L 1x90,22.16,0,22.16,2
Other food,Other food,4800,Brake Sliced Mushrooms             1.5kg,22.02,0,22.02,1
Other food,Other food,5001173,Ariel Prof Regular Laundry Pwdr 1x5.5KG,22.02,0,22.02,1
Other food,Other food,124866,Kikkoman Soy Sauce                1x1Ltr,22.02,0,22.02,1
Other food,Other food,133685,Dr Oetker Vanilla Extract         6x95ml,21.66,0,21.66,1
Other food,Other food,135645,Kellys Vegan Vanilla Ice Cream  1x4.5ltr,21.66,0,21.66,1
Other food,Other food,151373,Tomato Paste 28/30                1x800g,21.63,0,21.63,3
Other food,Other food,102610,Kelloggs Cornflakes Bag Pak       8x500g,21.59,0,21.59,1
Other food,Other food,5851,Rowntrees Fruit Pastil Lolly        1x32,21.59,0,21.59,1
Other food,Other food,105472,Potatoes Sweet PK                  1x6kg,21.58,0,21.58,1
Other food,Other food,114957,Freeby Self Raising Flour GF       5x1kg,21.44,0,21.44,2
Other food,Other food,32245,LaBo Deli Sub Roll (Sliced)        1x54,21.16,0,21.16,1
Other food,Other food,106248,LaBo FB Sliced Glazed Brioche Bun   1x48,21.09,0,21.09,1
Other food,Other food,119284,La Bo 4.5 FB Butermilk Burger Bun   1x48,21.09,0,21.09,1
Other food,Other food,35010,LaBo Sliced Fruit Bread (Toast)     1x18,21.02,0,21.02,1
Other food,Other food,5002322,Sysco Classic Extr Virgn OliveOil 1x2ltr,21.01,0,21.01,2
Other food,Other food,36141,Sysco Classic Thick Oven Chips   6x2.5kg,20.89,0,20.89,1
Other food,Other food,114201,Avocado PK                          1x14,20.83,0,20.83,1
Other food,Other food,186678,Donut the Golden Fry              1x12,20.77,0,20.77,3
Other food,Other food,125144,PY Kentucky Mop Head 16oz 1 x 1,20.72,0,20.72,2
Other food,Other food,149258,Sysco Classic Hash Browns        1x2.5kg,20.48,0,20.48,2
Other food,Other food,559543,Clear Compactor Sack (PC206) 1x100,20.3,0,20.3,1
Other food,Other food,70330,Brakes Sliced Brie         (32x20g) 640g,20.3,0,20.3,1
Other food,Other food,74597,Rowan Glen Low Fat Mix Tray      12x125g,20.2,0,20.2,2
Other food,Other food,106923,Brakes Burger Cheese Slices        1.4kg,49.95,29.97,19.98,3
Other food,Other food,151141,Tetley Mixed Variety String Tag   6x25,19.98,0,19.98,1
Other food,Other food,149869,Go Free Crisp Rice Cereal         4x350g,19.93,0,19.93,2
Other food,Other food,149767,Birds Eye Potato Waffles        6x1.02kg,19.86,0,19.86,1
Other food,Other food,70931,Fresh Exotic Fruit Salad PK      1x2.5kg,19.74,0,19.74,1
Other food,Other food,20964,Roddas Cornish Clotted Cream       907g,19.71,0,19.71,2
Other food,Other food,85702,Curtis Sultanas                    1x3kg,19.58,0,19.58,1
Other food,Other food,112341,Wild Mushroom Mix BB              1x500g,19.38,0,19.38,1
Other food,Other food,121809,Clipper Ftrade Org Inf Chamomile   1x250,19.36,0,19.36,1
Other food,Other food,100256,Sysco Classic Walnut Halves        1x1kg,19.36,0,19.36,1
Other food,Other food,100439,Noels Bicarbonate Of Soda         1x900g,19.34,0,19.34,3
Other food,Other food,591248,Blueberries OC 149605 BB          1x300g,19.28,0,19.28,1
Other food,Other food,152396,EarthPlus PaperBag M 220x100x240mm 1x250,19.22,0,19.22,1
Other food,Other food,133751,Super Green Washing Up Liquid    2x5ltr,19.14,0,19.14,2
Other food,Other food,33580,Sysco Classic Whole Black Pepper 1x500g,19.14,0,19.14,1
Other food,Other food,150171,Piero Fornelli Penne Pasta         1x3kg,19.12,0,19.12,3
Other food,Other food,32195,Sysco Clas Dairy Vanilla Ice Cream 1x4lt,19,0,19,1
Other food,Other food,5024249,Balsamic VgarModena IntenseFlavr 1x250ml,18.99,0,18.99,1
Other food,Other food,150173,Piero Fornelli Macaroni Pasta      1x3kg,18.96,0,18.96,2
Other food,Other food,89734,Plum Halves in Juice             1x2.5Kg,18.7,0,18.7,1
Other food,Other food,33582,Sysco Classic Madras Curry Powder 1x500g,18.68,0,18.68,1
Other food,Other food,135096,Schar Gluten Free PB White Rolls    1x24,18.57,0,18.57,1
Other food,Other food,89851,Brakes Dried Papaya                1x1kg,18.56,0,18.56,2
Other food,Other food,132908,Stainless Steel Mixing Bowl 40cm 1x1  CE,18.38,0,18.38,1
Other food,Other food,133916,Kallo Yogurt Top Thk Rice Cake 33g 1x30,18.35,0,18.35,1
Other food,Other food,591845,Sysco Cl Treacle Tart OC33105  1x12ptn,18.35,0,18.35,1
Other food,Other food,111355,Sysco Classic Trad Thick Chips   4x2.5kg,18.28,0,18.28,1
Other food,Other food,112834,Halloumi Burger Slices           6x4x50g,18.14,0,18.14,1
Other food,Other food,149596,Dr Oetker Vanilla Flavouring     1x500ml,18.12,0,18.12,2
Other food,Other food,145938,Sysco Classic Polenta Cornmeal 1x3kg,18.12,0,18.12,2
Other food,Other food,25682,Red Plum Hvs Syrup (350132)   1x2.6kg,17.98,0,17.98,1
Other food,Other food,125123,Handle aluminium 135cm Green 1 x 1,17.88,0,17.88,2
Other food,Other food,146176,Sysco Classic Wholemeal Penne      1x5kg,17.56,0,17.56,1
Other food,Other food,133624,Ubley Thick Creamy Peach Yog     12x110g,17.4,0,17.4,3
Other food,Other food,5012045,Suree Coconut Milk 17/19 1x2.9ltr,17.4,0,17.4,1
Other food,Other food,33709,Sysco Classic Ground Nutmeg    1x450g,17.33,0,17.33,2
Other food,Other food,4758,Sysco Classic Sliced Green Beans   2.5kg,17.26,0,17.26,1
Other food,Other food,151349,Futura Salad Cheese From Cow Milk 1x400g,17.25,0,17.25,1
Other food,Other food,1234,Sysco Essentials Vanilla Ice Cream 1x4lt,17.24,0,17.24,1
Other food,Other food,135523,Village Press Frshly Sqz Lemon Jce  1x1L,17.22,0,17.22,4
Other food,Other food,450449,Fresh Coriander PK        1x1kg,17.16,0,17.16,2
Other food,Other food,129227,"10cm (4) GF Soft Corn Tortilla     6x36""",17.13,0,17.13,1
Other food,Other food,152061,Biscoff Spread                     1x3kg,17.13,0,17.13,1
Other food,Other food,135853,Artichokes Jerusalem BB            1x1kg,17,0,17,1
Other food,Other food,106066,FT Icing Sugar                     1x1kg,16.96,0,16.96,2
Other food,Other food,152368,GVD Mascarpone 40% Fat            1x2kg,16.91,0,16.91,1
Other food,Other food,89843,Stainless Steel Scourers 40g 824/40 1x10,16.89,0,16.89,2
Other food,Other food,4753,Sysco Choice Garden Peas         1x2.5kg,16.76,0,16.76,3
Other food,Other food,350092,Brakes Self Raising Flour          1x3kg,16.68,0,16.68,1
Other food,Other food,13007,Peppers Red PK                       5kg,16.65,0,16.65,1
Other food,Other food,136826,Redefine Plnt Lamb Kebab Mix  1x1kg,16.62,0,16.62,1
Other food,Other food,40218,Marshall Short Cut Macaroni       1x6kg,16.62,0,16.62,1
Other food,Other food,149063,Sysco Classic Crushed Tomato      1x10kg,16.62,0,16.62,1
Other food,Other food,151346,Crumble Topping Mix 3.5kg,16.41,0,16.41,1
Other food,Other food,136790,Beechdean Raspberry Sorbet      1x2.5ltr,16.4,0,16.4,1
Other food,Other food,564,Brakes Butter Beans                1x3kg,16.05,0,16.05,1
Other food,Other food,35023,Sysco Classic Baking Powder       1x800g,15.96,0,15.96,3
Other food,Other food,134410,Nairns Gluten Free Oatcakes       8x213g,15.76,0,15.76,1
Other food,Other food,135547,Brake Vegan Soft Spread            1x2kg,15.75,0,15.75,3
Other food,Other food,9711,Sysco Classic Self Raising Flour  1x16kg,15.62,0,15.62,1
Other food,Other food,124595,Duerrs Smooth Peanut Butter      1x2.5kg,15.47,0,15.47,1
Other food,Other food,126919,Brakes Gluten Free Penne Pasta   10x180g,15.4,0,15.4,1
Other food,Other food,152449,Coconut Collab Nat Coconut Yog 6x350g,15.33,0,15.33,1
Other food,Other food,4043,Sysco Mini PetitPain Malt Wheat PB 1x100,15.26,0,15.26,1
Other food,Other food,10368,Melon Water Size 6 PK               Each,15.12,0,15.12,2
Other food,Other food,35006,Sysco Classic Rubbed Basil        1x150g,15.1,0,15.1,2
Other food,Other food,4740,Sysco Classic Roasting Parsnips    1.5kg,15.09,0,15.09,1
Other food,Other food,110704,FirstAid All Blue Kit 20P HSE       1x1,14.99,0,14.99,1
Other food,Other food,152967,Vegan Salted Caramel Ice Cream    1x5ltr,14.99,0,14.99,1
Other food,Other food,151153,Leafy Clementines BB               1x1kg,14.95,0,14.95,1
Other food,Other food,151764,Kingsmill Sft Wh Med Sliced Bread 8x800g,14.9,0,14.9,1
Other food,Other food,1050,Cannellini Beans 1x800g (KC1),14.64,0,14.64,1
Other food,Other food,88423,Passion Fruit Coulis             2x500ml,14.61,0,14.61,1
Other food,Other food,10602,Tomatoes Cherry Red on the Vine PK   3kg,14.59,0,14.59,1
Other food,Other food,6296,Costa Coarse Sea Salt             1x750g,14.56,0,14.56,3
Other food,Other food,33486,LaBo White Petit Pain 40g          1x100,14.46,0,14.46,1
Other food,Other food,5001527,Raspberries BB                    1x225g,14.46,0,14.46,1
Other food,Other food,5006859,Apetina Paneer Cheese 6x225g,14.46,0,14.46,1
Other food,Other food,4309,Sysco Essential Shortcrst Pastry 4x1.5kg,14.25,0,14.25,1
Other food,Other food,10600,Medjool Dates Fresh BB               1kg,14.18,0,14.18,1
Other food,Other food,111357,BM Raspberry Conserve MGJ         60x30g,14.03,0,14.03,1
Other food,Other food,111360,BM Orange Marmalade MGJ           60x30g,13.96,0,13.96,1
Other food,Other food,111356,BM Strawberry Conserve MGJ        60x30g,13.96,0,13.96,1
Other food,Other food,111359,BM Apricot Conserve MGJ           60x30g,13.96,0,13.96,1
Other food,Other food,131388,Mushroom King Oyster PK            1x1kg,13.92,0,13.92,1
Other food,Other food,101920,Sysco Classic Heavy Duty Blue Cloth 1x25,13.8,0,13.8,1
Other food,Other food,134614,Freee GF Rice Flour                1x1kg,13.8,0,13.8,1
Other food,Other food,33328,Strawberries                       1x1kg,13.65,0,13.65,2
Other food,Other food,27640,Colmans Dijon Mustard          1x2.25ltr,13.6,0,13.6,1
Other food,Other food,136115,Qualcare Assorted Blue Plasters CE 1x100,13.59,0,13.59,2
Other food,Other food,34024,House Recipe Strawberry Jam Ptn  100x20g,13.53,0,13.53,1
Other food,Other food,136665,Princes Rhubarb Solid Pack      1x2.82kg,13.38,0,13.38,2
Other food,Other food,114868,Brake Oatflakes                    4x2kg,13.31,0,13.31,1
Other food,Other food,149606,Blackberries BB                   1x250g,26.48,13.24,13.24,3
Other food,Other food,100211,Sysco Classic Pitted Dates 1x3kg,26.55,13.38,13.17,3
Other food,Other food,102443,Sysco Essentials Med Sliced Wml Loaf 1x8,13.1,0,13.1,1
Other food,Other food,102444,Sysco Essentials Thick Wht Slcd Loaf 1x8,13.1,0,13.1,1
Other food,Other food,135538,Panko Breadcrumbs                1x3.5kg,13.1,0,13.1,1
Other food,Other food,35051,Film Front Bags 7x7               1X1000,13.1,0,13.1,1
Other food,Other food,151768,Kingsmill Great White Bloomer     6x700g,13.1,0,13.1,1
Other food,Other food,12058,Passion Fruit BB                 10 Pack,16.38,3.3,13.08,5
Other food,Other food,88448,PolycotnMed S/Sleeve Jacket 101/106cm CE,12.99,0,12.99,1
Other food,Other food,133224,White Serrated Bread Knife 20cm 1x1 CE,12.98,0,12.98,1
Other food,Other food,122001,Violife Mature Vegan Slices       1x200g,12.9,0,12.9,2
Other food,Other food,125771,Tetley Caterers Decaf One Cup      1x440,12.81,0,12.81,1
Other food,Other food,5002320,Sysco Classic Olive Oil          1x2ltr,12.81,0,12.81,1
Other food,Other food,151647,Chef William GF Breadcrumbs 1.5kg,12.59,0,12.59,1
Other food,Other food,26229,Smoked Almonds                     1x1kg,12.59,0,12.59,1
Other food,Other food,4789,Sysco Classic Mixed Vegetables   1x2.5kg,12.52,0,12.52,1
Other food,Other food,3235,Brake Mixed Vegetables               1kg,12.45,0,12.45,2
Other food,Other food,102606,Kelloggs Cornflakes Bag Pak       4x500g,12.38,0,12.38,1
Other food,Other food,151025,Hazlemere Distilled Vinegar 1x5ltr,12.37,0,12.37,3
Other food,Other food,450112,Mushrooms Gourmet Selection BB      500g,12.36,0,12.36,1
Other food,Other food,36104,Kelloggs Crunchy Nut Cornflakes   4x500g,12.3,0,12.3,1
Other food,Other food,33596,Sysco Classic Bicarbonate Of Soda 1kg,12.15,0,12.15,2
Other food,Other food,10377,Celeriac BB                         Each,12.12,0,12.12,1
Other food,Other food,2063,Noels Stem Ginger          1x1050g,12.09,0,12.09,1
Other food,Other food,145933,LaBo Wholemeal Pitta Breads          6x6,12.08,0,12.08,2
Other food,Other food,134042,Spinneyfields Grtd White Mat Blend 1x2kg,12.02,0,12.02,1
Other food,Other food,134288,Sysco Classic Rosemary Needles    1x200g,12,0,12,3
Other food,Other food,127384,Burns Kit in Compact Aura Box 1 x 1,11.99,0,11.99,1
Other food,Other food,122406,Paterson SctishCrm Shrtbrd Finger 48x40g,11.99,0,11.99,1
Other food,Other food,151284,Equinox Rasp Elderflwr Kombucha 12x250ml,11.87,0,11.87,1
Other food,Other food,151403,Fix8 Sicilian Citrus Kombucha   12x250ml,11.87,0,11.87,1
Other food,Other food,151287,Equinox Firey Ginger Kombucha   12x250ml,11.87,0,11.87,1
Other food,Other food,30866,Free Flow Spinach Leaves       1kg,11.85,0,11.85,1
Other food,Other food,119112,SpicenTice Sumac                1 x 180g,11.8,0,11.8,1
Other food,Other food,32391,"LaBo 10 FB White Sandwich Baguette 1x30""",11.8,0,11.8,1
Other food,Other food,134291,Sysco Classic Whole Cumin Seeds 350g,11.71,0,11.71,3
Other food,Other food,591733,Lemon Juice OC 128245 BB           1x1lt,11.22,0,11.22,1
Other food,Other food,149709,Sysco Classic Mashed Potato      1x2.5kg,11.22,0,11.22,1
Other food,Other food,103348,Sysco Classic Whole Star Anise   1x200g,11.22,0,11.22,1
Other food,Other food,114951,Brake Plain Flour                6x1.5kg,11.01,0,11.01,1
Other food,Other food,501370,Tomato M/Mm PK                     1x6kg,10.99,0,10.99,1
Other food,Other food,28758,Sysco Classic RSS Baked Beans 1x2.62kg,10.98,0,10.98,1
Other food,Other food,151023,Hazlemere Balsamic Vinegar 1x5ltr,10.94,0,10.94,1
Other food,Other food,136160,Ice Club Crushed Ice             5x1.8kg,10.92,0,10.92,2
Other food,Other food,135215,KTC Gourmet Butter Flavouring     1x2.5L,10.86,0,10.86,1
Other food,Other food,125141,Plastic Kentucky Holder Green CE     1x1,10.82,0,10.82,2
Other food,Other food,150735,Sys Class NAS Bakd Bean Tom Sce 12x418g,10.79,0,10.79,1
Other food,Other food,134409,Kim Chinese Pancakes 10 pack       10x10,10.79,0,10.79,1
Other food,Other food,149607,Raspberries BB                    1x250g,10.78,0,10.78,1
Other food,Other food,111165,Gluten Free Mince Pie             1x12,10.65,0,10.65,1
Other food,Other food,2032,White Wine Vinegar         1x5ltr,10.65,0,10.65,1
Other food,Other food,152002,Cooks & Co Whole Green Figs Syprp 6x410g,10.58,0,10.58,1
Other food,Other food,2815,LaBo English Muffins 72g           1x48,10.5,0,10.5,1
Other food,Other food,133532,Violife Original Creamy       1x200g,10.47,0,10.47,3
Other food,Other food,146187,Sysco Classic Orzo               12x500g,10.43,0,10.43,1
Other food,Other food,554,Brakes Green Split Peas      1x3kg,10.42,0,10.42,2
Other food,Other food,152152,Sysco Classic Sweetcorn in Water 1x2150g,10.36,0,10.36,1
Other food,Other food,34045,Royal Crown Whole Baby Corn Cobs  1.5kg,10.29,0,10.29,1
Other food,Other food,450113,Mushrooms Paris Brown BB            500g,10.2,0,10.2,1
Other food,Other food,33846,Sys Class 8 P/Apple Slices in Syrup 822g,10.2,0,10.2,1
Other food,Other food,5750,Brakes Chopped Mixed Nuts          1x1kg,10.07,0,10.07,1
Other food,Other food,5003758,Strong Roots Cauliflower Hashbrowns  1kg,9.98,0,9.98,1
Other food,Other food,13116,Carrots Prepared Diced 10mm BB     2.5kg,9.96,0,9.96,1
Other food,Other food,450381,Loaf Brown Medium              6xEach PK,9.93,0,9.93,1
Other food,Other food,114217,C2 Swede Netted  PK       1x12kg,9.84,0,9.84,1
Other food,Other food,71927,Brake Sunflower Light Spread       1x2kg,9.78,0,9.78,1
Other food,Other food,151391,Fresh Kitch Golden Beet Piccalilli 1x1kg,9.71,0,9.71,1
Other food,Other food,149605,Blueberries BB                    1x300g,19.28,9.64,9.64,3
Other food,Other food,150170,Piero Fornelli Spaghetti     1x3kg,9.56,0,9.56,2
Other food,Other food,10372,Mangetout Pre-Packed BB             500g,9.54,0,9.54,1
Other food,Other food,128762,Lyles Black Treacle Syrup         1x750g,9.48,0,9.48,2
Other food,Other food,70978,Brake Sunfl spread Dishes     100xsize10,9.42,0,9.42,1
Other food,Other food,71402,Flora Original Spread              1x2kg,9.35,0,9.35,1
Other food,Other food,87867,Blue Dragon Soy Sauce             1x1ltr,9.280000000000001,0,9.280000000000001,2
Other food,Other food,16285,Blue Dragon Dark Soy Sauce        1x2ltr,9.21,0,9.21,1
Other food,Other food,86822,Brakes Cocktail Gherkins         1x2.3kg,9.21,0,9.21,1
Other food,Other food,4776,Sysco Essential Diced Carrots      2.5kg,9.2,0,9.2,1
Other food,Other food,151189,High Heat Spatula 16inch    CE       1x1,9.19,0,9.19,1
Other food,Other food,136913,Go Free Cornflakes                4x375g,9.06,0,9.06,1
Other food,Other food,113885,Herb Coriander Bunched BB         1x100g,9.059999999999999,0,9.059999999999999,2
Other food,Other food,146179,Sysco Classic Tricolour Fusilli    1x5kg,8.99,0,8.99,1
Other food,Other food,5360,Muffin Paper Cases 2x1.75in MUF    1x480,8.92,0,8.92,1
Other food,Other food,100325,Brakes Ground Rice                 1x3kg,8.92,0,8.92,1
Other food,Other food,10386,Figs Fresh BB                     6 Pack,8.86,0,8.86,1
Other food,Other food,89524,Sysco Choc Delight Mix          1x600g,8.84,0,8.84,2
Other food,Other food,126924,Sysco Classic Vegan Mayonnaise 1x1ltr,8.82,0,8.82,1
Other food,Other food,33040,Luxury Baked Sourdough Crumpets      6x6,8.78,0,8.78,1
Other food,Other food,146172,Sysco Classic Spaghetti            1x5kg,8.78,0,8.78,1
Other food,Other food,35002,Sysco Classic Garam Masala       1x405g,8.63,0,8.63,1
Other food,Other food,152983,Sysco Classic Brown Bread&Roll Mix 3.5Kg,8.63,0,8.63,1
Other food,Other food,153002,Sysco Classic White Bread&Roll mix 3.5Kg,8.63,0,8.63,1
Other food,Other food,5012586,DeNigris Apple Cider Vinegar Mother 1x1L,8.62,0,8.62,1
Other food,Other food,3267,Marmite                           1x600g,8.56,0,8.56,1
Other food,Other food,125124,Handle Aluminium Blue 135cm 1 x 1,8.48,0,8.48,1
Other food,Other food,28884,Chefs Forage Caps 466 DM07W 1x100Sp,8.39,0,8.39,1
Other food,Other food,136786,Beechdean Lemon Sorbet          1x2.5ltr,8.2,0,8.2,1
Other food,Other food,134286,Sysco Classic Fennel seeds        1x330g,8.120000000000001,0,8.120000000000001,2
Other food,Other food,130609,Brakes Toasted Seed & Grain Topper 1x1kg,7.98,0,7.98,1
Other food,Other food,562,Brakes Pearl Barley                1x3kg,7.98,0,7.98,1
Other food,Other food,132513,Dosing Pump 1l 28mm Neck CE          1x1,7.96,0,7.96,1
Other food,Other food,450610,Strawberries BB                   1x400g,7.96,0,7.96,1
Other food,Other food,131817,Micro Red Amaranth BB             1x25g,7.96,0,7.96,2
Other food,Other food,30319,LaBo White Batch Rolls             1x36,7.84,0,7.84,1
Other food,Other food,133682,Dr Oetker Nat Sicilian Lem Extrct 6x35ml,7.7,0,7.7,1
Other food,Other food,10230,Cucumber Single BB                1xEach,7.640000000000001,0,7.640000000000001,2
Other food,Other food,19838,Sysco Classic Peel Plum Toms in Jce 800g,7.62,0,7.62,1
Other food,Other food,152694,Fresh Curry Leaves BB              1x50g,7.32,0,7.32,3
Other food,Other food,87110,Sysco Classic Tomato Paste       1x2.2kg,6.98,0,6.98,1
Other food,Other food,33587,Sysco Classic Arrowroot           1x500g,6.9,0,6.9,1
Other food,Other food,28288,Brakes Golden Bread Crumbs       1x3.5kg,6.69,0,6.69,1
Other food,Other food,4349,Fine Sea Salt                     1x750g,6.6,0,6.6,1
Other food,Other food,87020,Metal Ice Cream Scoop 1.8oz 1x1Sp 589219,6.59,0,6.59,1
Other food,Other food,5003653,Sysco Classic Extra olive oil 1x1 litre,6.54,0,6.54,1
Other food,Other food,116370,Asparagus BB                      1x500g,6.44,0,6.44,1
Other food,Other food,88386,Brakes Balsamic Glaze           1x400ml,6.33,0,6.33,1
Other food,Other food,450109,Mushrooms Large Flat 100/135mm PK  1.8kg,6.25,0,6.25,1
Other food,Other food,106540,Broccoli                         1x2.5kg,6.04,0,6.04,1
Other food,Other food,5020275,Pip & Nut Smooth Peanut Butter 1x1kg,6.04,0,6.04,1
Other food,Other food,149050,Cooks & Co Green Figs In Syrup 1x820g,6.04,0,6.04,1
Other food,Other food,133318,Black Plastic Finepeel Y Peeler 1x1 CE,5.98,0,5.98,1
Other food,Other food,27240,Pelican Pump 5L 38Mm Cap             1x1,5.98,0,5.98,1
Other food,Other food,10265,Grapes White Seedless BB            500g,5.97,0,5.97,1
Other food,Other food,132644,Maldon Original Salt              1x570g,5.82,0,5.82,1
Other food,Other food,88884,Sysco Classic Sunflower Seeds      1x1kg,5.25,0,5.25,1
Other food,Other food,86870,Lemon Flavouring                 1x500ml,5.03,0,5.03,1
Other food,Other food,86134,DaV Toffee W Devon Cream Drizzle  1x500g,4.88,0,4.88,1
Other food,Other food,29547,Blue Powder-free Vinyl MED GD13M 1x100,4.79,0,4.79,1
Other food,Other food,10477,Swede Whole PK                      Each,4.74,0,4.74,1
Other food,Other food,33591,Sysco Classic Parsley               100g,4.67,0,4.67,1
Other food,Other food,12008,Coconut BB                          Each,4.39,0,4.39,2
Other food,Other food,119391,High Fruit Strawberry Coulis      1x500g,4.31,0,4.31,1
Other food,Other food,133623,Ubley Thick Creamy Strawb Yog    12x110g,4.24,0,4.24,1
Other food,Other food,125117,White Dishcloth 30x40cm 1 x 10,4.24,0,4.24,1
Other food,Other food,33611,Brakes Distilled White Vinegar   1x5ltr,4.1,0,4.1,1
Other food,Other food,133365,Silicone Pastry Brush 17.5cm 1x1 CE,4.09,0,4.09,1
Other food,Other food,86420,Wood Skewer 18cm  338W   1x200,4.02,0,4.02,1
Other food,Other food,5004034,Rowse Chilli Fusion Honey 1x680g,3.95,0,3.95,1
Other food,Other food,450662,Chunky Sweet Pot & Bttnt Squash BB 1x1kg,3.92,0,3.92,1
Other food,Other food,450524,Salad Leaf Mix PK                 4x250g,3.92,0,3.92,1
Other food,Other food,86514,White Mob Cap DM01               1x100,3.79,0,3.79,1
Other food,Other food,148653,Beechdean Apple Oat Iced Dessert  1x2ltr,3.75,0,3.75,1
Other food,Other food,148652,Beechdean Berry Oat Iced Dessert  1x2ltr,3.75,0,3.75,1
Other food,Other food,135834,Muller Thick Creamy Strawb Yog 12x110g,3.66,0,3.66,1
Other food,Other food,5003208,Biotiful Original Gut Health Kefir 1x1L,3.59,0,3.59,1
Other food,Other food,114205,Beanshoots BB                     1x350g,3.48,0,3.48,1
Other food,Other food,152516,Green Birds Eye Chilli BB         1x250g,2.94,0,2.94,1
Other food,Other food,119851,Ardo Sliced Okra                   1x1kg,2.66,0,2.66,1
Other food,Other food,117818,Ardo Red Chilli Chopped           1x250g,2.44,0,2.44,1
Other food,Other food,102656,Herb Purple Basil Micro BB         1x30g,2.4,0,2.4,1
Other food,Other food,10228,Celery BB                          Bunch,2.28,0,2.28,1
Other food,Other food,125114,Micro Green Basil  BB              1x30g,2.15,0,2.15,1
Other food,Other food,152148,Lovice Vanilla Oat Ice Dream  1x900ml,2,0,2,1
Other food,Other food,102653,Samphire BB                       1x100g,1.5,0,1.5,1
Other food,Other food,150904,1 inchroundDKDOW ThursdayLabel CE 1x1000,1.43,0,1.43,1
Other food,Other food,150907,1 inchroundDKDOW SaturdayLabel CE 1x1000,1.43,0,1.43,1
Other food,Other food,150906,1 inch round DKDOW FridayLabel CE 1x1000,1.43,0,1.43,1
Other food,Other food,150903,1 inchroundDKDOW WednesdyLabel CE 1x1000,1.43,0,1.43,1
Other food,Other food,150901,1 inch round DKDOW MondayLabel CE 1x1000,1.43,0,1.43,1
Other food,Other food,150902,1 inchround DKDOW TuesdayLabel CE 1x1000,1.43,0,1.43,1
Other food,Other food,113882,Herb Large Mint Bunched BB        1x100g,1.3,0,1.3,1
Other food,Other food,5001529,Blackberries BB                   1x225g,57.84,57.84,0,2
Other food,Other food,135055,Beyond Meat Meatballs 1x3kg,38.99,38.99,0,2
Other food,Other food,134434,Tyrrells Beef & Ale Crisps        24x40g,26.48,26.48,0,2
Other food,Other food,10387,Papaya BB                           Each,10.11,10.11,0,2
Other food,Other food,28283,Portico Tuna Chunks in Brine      1x800g,5.39,5.39,0,2
Other food,Other food,5012342,MMD Cacao & Pistachio Mini beignets 2x35,24.25,24.25,0,2
Other food,Other food,123807,Seabrook Prawn Cocktail             1x32,12.38,12.38,0,2
Other food,Other food,152999,Sysco Classic Plain Muffin Mix 3.5Kg,0,0,0,2
Other food,Other food,557784,Wire Grill Brush  c/w Scraper  1x1 CE,3.39,3.39,0,2
Other food,Other food,152436,Aviko Sweet Potato Fries        1x2.27kg,19.98,19.98,0,2
Other food,Other food,100326,Brakes Medium Oatmeal              1x3kg,7.26,7.26,0,2
Other food,Other food,88519,Brakes Basmati Rice                1x5kg,25.55,25.55,0,4
Other food,Other food,122502,Brakes Thai Jasmine Rice           1x5kg,22.82,22.82,0,2
Other food,Other food,86251,Brakes Chilli Flavour Corn Chips 14x475g,38.15,38.15,0,2
